Iout_exp,Iin_fit,e_delta1,e_delta2,e_delta1_delta2,e_delta1plusdelta2,N_RC2,C_RC2,S_RC2
1893.572831,7723,0,0,0,0,-0.84221834,-0.538822422,0.018402881
1563.541247,7723.889803,0.173305373204657-0.285273334991709i,6.42304070916469+5.13957000461854i,1.46208050066566-5.55425963057746i,2.57932974285138-0.941607146129043i,-0.84198866,-0.539178072,0.018496003
2343.544791,7588.747015,-0.0357023085361924-0.746914264559872i,4.36222535486169+1.14441603515673i,-2.30904403146282-6.40098857377576i,0.699039145725944-3.29906663715188i,-0.841759008,-0.539533334,0.018589072
4128.50133,8293.791433,-0.766638577868767-1.25103996474536i,3.07258622702806-0.814323136888799i,-7.24584292043264-5.15529110972678i,-3.37431392393265-3.2196366335482i,-0.841539087,-0.539873695,0.018664369
6109.887227,8726.085898,-2.22134968783252-1.85551899435756i,1.61573121449594-2.29959097293723i,-14.3870085012156-0.135248134504216i,-7.85603875848005+2.11017573160297i,-0.841335437,-0.540189428,0.018710003
7212.518552,7991.845688,-7.6140288382471-4.42821778340011i,-1.04403289406442-4.07864235948327i,-49.3315870875942+33.9472007760053i,-10.1118200649078+35.6781055739526i,-0.841131812,-0.540504856,0.018755658
7470.31139,8240.276595,0.447413148161943+0.103281762640125i,-26.2805026764851-17.1865567027233i,7.24223448770577-19.6971508003034i,-9.98318456779283-10.4037880799251i,-0.840928213,-0.54081998,0.018801333
6828.642785,8293.090378,-0.747699413551556+0.219254753444922i,7.86762588413592+0.324537260562754i,-2.10816987222455-7.68953092568763i,-5.95377559665985+1.48235805402471i,-0.840724639,-0.541134799,0.018847029
7240.971867,8056.740251,-0.574292941680565+0.758855365562655i,3.87163547274715-1.54624426311165i,-3.56311514248414-2.8723605297221i,-1.05007716922604+3.82600851841596i,-0.840515257,-0.541458,0.018903366
7818.464695,8464.092154,0.0561040002808227+0.972116347915279i,2.25619685902662-2.06664035092192i,-3.04077404166053-0.147078572279921i,2.13559653960499+2.07733905994639i,-0.840285801,-0.541810773,0.018996274
7952.340015,8790.975047,0.694276911067527+0.670080786141537i,1.20236711718179-2.19849192943043i,-1.82448178558131+1.2153092987677i,2.3079429284847-0.720679082659943i,-0.840056374,-0.542163162,0.019089129
5753.594172,9126.754192,0.950789452896438-0.00353292478789114i,0.412096633732386-2.12425558514937i,-0.557191299659972+1.56817420506515i,0.384312297714289-2.02117571202869i,-0.839826974,-0.542515167,0.01918193
3279.353936,10086.0323,0.657976756441379-0.668060158606572i,-0.200391692002528-1.91676399532111i,0.396000877551559+1.25522277334595i,-1.41236673424721-1.12731245096235i,-0.839597604,-0.542866788,0.019274679
1921.321589,10505.69446,-0.022613399845335-0.926603803150303i,-0.667375830174431-1.61969176908405i,0.881232047299535+0.621728137804795i,-1.48572091666967+0.655019719970714i,-0.839372155,-0.54321214,0.019363782
2070.537775,10291.31367,-0.681548677640742-0.615656931576808i,-1.00458739473819-1.26571506207639i,0.912396408302651-0.0344957405238763i,-0.0945710409101311+1.48112761977339i,-0.839194142,-0.54348549,0.019409111
2904.878378,11971.04093,-0.908893404719527+0.0768172408344825i,-1.22274669566112-0.881870456916686i,0.615671849111252-0.506502804190758i,1.17908926260277+0.707598214708404i,-0.839016149,-0.54375861,0.019454458
3315.960687,12309.50818,-0.557939292355392+0.715989149976851i,-1.33170920071709-0.491365283618389i,0.167919702426904-0.696604175123293i,1.09482510081732-0.679337340007727i,-0.838838176,-0.544031498,0.019499823
2280.497149,12738.64826,0.150374526429356+0.892420757828583i,-1.34200571144393-0.114247234678201i,-0.258527781581383-0.608595189336803i,-0.0998468695725328-1.21481362782768i,-0.838660224,-0.544304156,0.019545208
1301.097132,14154.91469,0.760308023384566+0.488818855658788i,-1.26536499744367+0.232322645037005i,-0.535507783271709-0.321260207859828i,-1.07563084955702-0.44189749900554i,-0.838482292,-0.544576583,0.01959061
1622.44665,12793.9024,0.872897923604212-0.236095176037208i,-1.11482751053079+0.533955567236451i,-0.59969193490348+0.0469203297020892i,-0.847066285476441+0.729294103287496i,-0.838303845,-0.544848048,0.019679123
2987.791926,12674.43916,0.409008794286307-0.808434366689744i,-0.904693451008297+0.779013913680513i,-0.455568311753523+0.373260119017785i,0.259754042353182+1.05000881868098i,-0.838125372,-0.545119224,0.019771
4380.955396,13274.65481,-0.330748881790952-0.846663253347534i,-0.650389054091343+0.958673000652024i,-0.164415540741703+0.560714952867616i,1.02678865399827+0.233580489509768i,-0.837946915,-0.545390168,0.019862838
3753.688438,13384.44319,-0.855973617523804-0.317483245194911i,-0.368259456920685+1.06706134829151i,0.176528610927159+0.558634187488466i,0.653994479205395-0.796460154960015i,-0.837768473,-0.545660881,0.019954636
2945.175038,13405.12427,-0.809585030607756+0.432163277248843i,-0.0752637418834172+1.10146027400004i,0.460594343926716+0.372314224761769i,-0.415078282994924-0.924251974989896i,-0.837590048,-0.545931364,0.020046395
3433.65631,14364.74115,-0.212919458898982+0.898073731869037i,0.211458469028623+1.06252215892834i,0.599494478947145+0.0600470213568971i,-0.999246863267503-0.0363263467313514i,-0.837392403,-0.546232423,0.020102325
5800.064646,12993.29144,0.537133407029093+0.757292014503922i,0.475167652953702+0.954447540678974i,0.547204007249968-0.282421389832487i,-0.467567080478054+0.872506328487846i,-0.837189289,-0.546541994,0.020148043
9240.074402,13996.86353,0.92896358623357+0.0953763395096206i,0.700247553149146+0.785050114393973i,0.314142618147874-0.547800805333929i,0.575629271982208+0.796070018010434i,-0.836986203,-0.546851266,0.020193781
12604.68931,14670.3539,0.68645091019985-0.640597736572826i,0.873037082759891+0.565639161783707i,-0.0332148715253068-0.648184725426185i,0.961644266854342-0.170982061709023i,-0.836783145,-0.547160241,0.020239539
12693.82484,14148.04278,-0.0326237688413461-0.942888495239362i,0.982708389258824+0.310661932031084i,-0.389163193319998-0.542898907680376i,0.26085991029131-0.936719397465738i,-0.836580115,-0.547468918,0.020285318
12631.75879,15017.519,-0.736191495684375-0.59607918597211i,1.02210540879599+0.0370729540535351i,-0.639117660147989-0.254393234495281i,-0.730366893374793-0.636548553546912i,-0.836360821,-0.547801089,0.020360363
13271.42573,17022.19868,-0.935562463430341+0.16615049508912i,0.98844418056971-0.236569811789464i,-0.695549989054548+0.134410693778162i,-0.885445081185223+0.38555632586062i,-0.836131936,-0.548146946,0.020452639
13498.38017,16215.54326,-0.488073584172523+0.817632293045481i,0.883775983367249-0.491245015111143i,-0.528356907925362+0.502644031433929i,-0.0296899236551633+0.962367499051269i,-0.835903083,-0.548492428,0.020544864
13542.75869,16685.74947,0.298911189755233+0.905241052152883i,0.715127962687233-0.708771056492964i,-0.178859033006684+0.728486409273911i,0.855368407069278+0.435503589606553i,-0.835674262,-0.548837535,0.020637037
11065.53117,15895.25322,0.880140377201031+0.366744879343985i,0.494262353941691-0.873169115436894i,0.248954599159978+0.729471879116338i,0.755250556522307-0.587243207260299i,-0.835445474,-0.549182267,0.020729158
6260.073792,15627.22094,0.852949132085195-0.424706197421947i,0.237031897990855-0.971963131712238i,0.618965573129043+0.492565636290068i,-0.210622614036025-0.929704025676165i,-0.83524128,-0.549490138,0.020798859
3483.948274,16085.1057,0.237663890443096-0.921294846405776i,-0.0376486025288091-0.997287605295106i,0.806468659237786+0.0828168238265423i,-0.927743644489481-0.202333788680942i,-0.835063755,-0.549758165,0.020844295
2865.675606,16657.65922,-0.538685961275195-0.781887173764224i,-0.30915147873516-0.946682840510919i,0.740609213732533-0.373944090116867i,-0.573663609116073+0.751686331936622i,-0.834886252,-0.550025967,0.020889749
3935.088781,16246.0522,-0.941108230172291-0.106326982232154i,-0.556704334882975-0.823480558146951i,0.430983653131259-0.730049641254614i,0.436360828656344+0.834177022582632i,-0.834708772,-0.550293542,0.020935222
4702.253504,15695.14508,-0.696345523315946+0.638027072771229i,-0.761045888833292-0.6367184002045i,-0.0316712305312113-0.864378195231315i,0.936194474789125-0.0421918731015893i,-0.834531314,-0.550560892,0.020980714
3814.915998,16573.35051,0.0229085295122766+0.941430729362944i,-0.906021854379158-0.400565991597995i,-0.502233016067654-0.724005398389742i,0.356349505238279-0.862133193027075i,-0.834336959,-0.550853057,0.021041598
1864.445396,16461.40101,0.721926303330433+0.600543105869763i,-0.979972049342644-0.13329307607394i,-0.827422819626004-0.344554970223399i,-0.627419361052705-0.68474323584739i,-0.834108377,-0.551195597,0.021133583
1707.339182,16536.00849,0.92498110992104-0.147354121302215i,-0.976774485407594+0.144143487358389i,-0.896470276526644+0.158503571155173i,-0.882257810733737+0.277261748932311i,-0.83387983,-0.551537766,0.021225517
3545.43662,17420.08905,0.497740710864245-0.791037617221185i,-0.89644115424073+0.409777530335312i,-0.679149852769424+0.625599270448045i,-0.122045816172518+0.91308163387489i,-0.833651316,-0.551879563,0.0213174
5398.980988,17387.57553,-0.265927985513386-0.894348921231878i,-0.745200595217644+0.642431383793055i,-0.237986847745455+0.904512516966421i,0.772727508150425+0.49562886471159i,-0.833422836,-0.55222099,0.021409233
5196.801474,18731.15118,-0.846609721030465-0.389835440669433i,-0.535049876519859+0.823474627294092i,0.290063966383354+0.900603481442448i,0.773998020909151-0.488580220095873i,-0.833203677,-0.552548369,0.02149261
4194.453742,19749.05145,-0.851259645764968+0.378617133336228i,-0.282808353554892+0.938386174949633i,0.736918497869537+0.609003950353121i,-0.114545744655267-0.90588637098486i,-0.833026411,-0.55281381,0.021538094
3839.657733,18863.83097,-0.277478234391165+0.889621170333107i,-0.00875232429216829+0.977979065818545i,0.957627234744158+0.117801276739515i,-0.867602301603363-0.279154157434784i,-0.832849168,-0.553079029,0.021583596
6835.057342,20697.09223,0.485691308554625+0.796279591913411i,0.265051273158614+0.939177947777942i,0.877798310666043-0.419176021842354i,-0.619115133296217+0.667205486048787i,-0.832671948,-0.553344023,0.021629117
12280.71731,22399.22865,0.920170520178605+0.160608713693454i,0.516566511667739+0.82528024760642i,0.51853856558635-0.831290873367987i,0.342782076743468+0.842363637709198i,-0.832494751,-0.553608795,0.021674656
16554.01059,21747.19427,0.728995724797214-0.586936501034748i,0.725606488779581+0.645679143503491i,-0.00936940484916543-0.98589005853976i,0.907936685484485+0.0448124015523755i,-0.832315095,-0.553877016,0.021721725
17234.07571,20208.65693,0.0391978250633715-0.937280853703322i,0.875490422718585+0.415074939371494i,-0.540272839564144-0.831175349789326i,0.423359113959349-0.804310375953085i,-0.832061602,-0.55425414,0.021813734
17858.12123,19677.45629,-0.681145058154692-0.64856952652895i,0.954398768163136+0.152246555154375i,-0.906236200322469-0.413280848207733i,-0.551341528251109-0.722695945851856i,-0.831808153,-0.554630812,0.021905686
16361.01542,20032.44038,-0.939147437022508+0.0860531024863407i,0.956314017361735-0.121507604296645i,-0.990504693352893+0.137931512990572i,-0.887663752068562+0.196407343299093i,-0.831554749,-0.555007032,0.021997582
16670.93234,18972.85251,-0.554463115232288+0.766008981623245i,0.881472944705884-0.384123418969674i,-0.764741968259173+0.649771134607139i,-0.194502245932004+0.8881984602182i,-0.831301391,-0.5553828,0.022089425
18029.93911,19501.72091,0.213281021694774+0.923725646204499i,0.736299610961936-0.614569630451136i,-0.298226377674745+0.961227224234581i,0.724732462325562+0.549062795250737i,-0.831048078,-0.555758118,0.022181226
15076.43299,18358.73778,0.838435902243206+0.447093842139203i,0.532833259895795-0.794541115782397i,0.263820605086642+0.973765899041085i,0.80198097519864-0.42794532789397i,-0.830817078,-0.55609973,0.02227271
9391.71994,20261.42333,0.889456773624969-0.339432320756429i,0.287707242342707-0.909909420155803i,0.745820237416763+0.682392242699971i,-0.05294951063894-0.906982234109565i,-0.830589052,-0.556436585,0.02236411
4945.439636,22635.06651,0.32820221177555-0.895176245992176i,0.0207707432283672-0.95181695539426i,0.996904874192527+0.177281397276054i,-0.845226925133764-0.330981905915504i,-0.830361062,-0.556773076,0.02245546
3533.925656,20380.71977,-0.460642462092003-0.835889800105913i,-0.246528357826714-0.917333626536452i,0.938164153230896-0.384420700581067i,-0.653228391991191+0.628633360031748i,-0.830133109,-0.557109204,0.022546761
5010.373606,21864.57781,-0.933552142642305-0.200811744399417i,-0.492865407634505-0.809632297509643i,0.587321584475914-0.82770076476778i,0.297531883346446+0.854807128353754i,-0.829905192,-0.557444968,0.022638012
6063.784514,22590.10992,-0.763992053560622+0.572897855958825i,-0.698727292309634-0.637679031365206i,0.0532143171263278-1.0142966711493i,0.899147048789517+0.0868823450211474i,-0.829677822,-0.557780961,0.022696083
4838.815127,20699.8471,-0.0687933695394158+0.952045123960157i,-0.847935529262934-0.415472153304387i,-0.498122676413703-0.885803903232117i,0.453880579904854-0.778691156691746i,-0.829450676,-0.558116806,0.022742186
2631.814249,21065.73968,0.672759147649489+0.676044340392894i,-0.928889153155235-0.16089800194439i,-0.895158579204043-0.481885646156494i,-0.516144491342542-0.736215857489559i,-0.829223572,-0.558452291,0.02278831
2076.102201,21536.16881,0.950545444218473-0.0638195093688668i,-0.935436998799217+0.105701528845051i,-1.01426183023936+0.072037047621703i,-0.882429557851567+0.160173236999442i,-0.828996509,-0.558787415,0.022834457
3736.39862,20832.65024,0.575157090291759-0.757901941377943i,-0.86731922488566+0.363135476791298i,-0.818201693615707+0.603769218323732i,-0.22362371889601+0.866202868548248i,-0.828769488,-0.55912218,0.022880626
5768.023539,21110.47954,-0.193531322620581-0.930180645220014i,-0.730151324226913+0.591020073105582i,-0.367798887153889+0.94789214153301i,0.691062584430133+0.564791733434201i,-0.82854251,-0.559456585,0.022926817
6206.230148,20094.24312,-0.827291954914948-0.46457692551574i,-0.534957958714306+0.771359618552441i,0.196911822451616+0.997254705425771i,0.800922295516155-0.389610483035029i,-0.828315573,-0.559790632,0.022973031
4691.783386,20116.05969,-0.892788557078356+0.317857953715215i,-0.297296451406366+0.889934636165361i,0.700192574727967+0.736400412401749i,-0.0174499325162114-0.889021501406946i,-0.828088678,-0.56012432,0.023019266
4203.1957,21020.42101,-0.347029523821705+0.8809398180602i,-0.0360386644568559+0.937395601465244i,0.985301067387558+0.246499648807976i,-0.813282630039591-0.357051843718799i,-0.827861826,-0.560457651,0.023065524
6875.563736,21658.67066,0.435410628516896+0.840228167102951i,0.228096360057323+0.909982726046533i,0.963376120878653-0.319816322503438i,-0.66527753850645+0.587869137221258i,-0.827635017,-0.560790624,0.023111803
12045.98756,19235.87349,0.9193321140472+0.224333567285029i,0.474149495423777+0.809819444218589i,0.641259768512224-0.785961766359187i,0.254231173224019+0.850860669384817i,-0.827396981,-0.561139045,0.023177759
16157.75154,19173.44532,0.773781932833835-0.545567419356769i,0.682549161353433+0.644757710088296i,0.119509646305108-1.00649186067421i,0.879903009329423+0.12652528257792i,-0.827144433,-0.561507468,0.023269075
17229.73141,19857.71149,0.0974229987411574-0.942753647442241i,0.836638542336649+0.427785123162971i,-0.438877984025355-0.912602492587487i,0.484803820840287-0.747067927863244i,-0.826891935,-0.561875451,0.023360335
16664.7747,19264.61354,-0.647860033460008-0.693870550480079i,0.923987797898298+0.176035365181501i,-0.859355541549369-0.533770103048916i,-0.47646900992058-0.7551741995412i,-0.826639487,-0.562242994,0.023451541
16189.83251,20027.26437,-0.950755820843653+0.0332338366361182i,0.93739088210748-0.090527471397012i,-1.0104567759961+0.0113306775131544i,-0.888221262373964+0.117222615817113i,-0.826387088,-0.562610098,0.023542693
17086.69527,19266.49001,-0.600187469006011+0.741306921906974i,0.875468004766241-0.35065523655527i,-0.845058998904859+0.551894252832191i,-0.265501771915043+0.859449370763114i,-0.826127527,-0.562987344,0.023633869
17109.02512,18060.05359,0.166973036969737+0.941972452270071i,0.742822286259948-0.583478504175809i,-0.415275383787732+0.918499266004709i,0.673651970490987+0.60229295274035i,-0.825850131,-0.563390341,0.023725183
13407.3439,18194.626,0.823941832806919+0.492209295093947i,0.549731233360166-0.770160266436668i,0.143792637207156+0.996310425065314i,0.832026601818142-0.363984438619559i,-0.825572797,-0.563792811,0.023816437
8686.606451,19150.4089,0.914359440959708-0.30227166134855i,0.311388314885239-0.895412520567513i,0.656433121641569+0.761229226265599i,0.0140630153356176-0.912852754999321i,-0.825295526,-0.564194753,0.023907631
4885.72968,18503.11859,0.369906786175361-0.89271584178963i,0.0467447994950916-0.948754676828871i,0.961567355215302+0.287557054158568i,-0.829677111425493-0.392680616405159i,-0.825018318,-0.564596169,0.023998765
3141.151425,18557.52828,-0.43631930013813-0.865787128998129i,-0.222965456447329-0.925409190355031i,0.963484433991895-0.275327284183537i,-0.703923234153888+0.596814512680391i,-0.824741173,-0.564997061,0.024089819
4476.522159,18223.66234,-0.943820996807944-0.234415733481507i,-0.47590807399937-0.82675515573193i,0.662049389663088-0.75000215825286i,0.255367616550516+0.89186921543535i,-0.824464091,-0.565397427,0.024180813
5503.4021,18283.37943,-0.7947978290396+0.564978948470274i,-0.691406887450893-0.660293359298622i,0.152795366477233-0.986959997938434i,0.922580540947437+0.134169392262699i,-0.824187073,-0.56579727,0.024271748
4451.902672,18542.84038,-0.0884457616620293+0.973344591152381i,-0.851638814178534-0.439114261875616i,-0.403200949642573-0.911827018008186i,0.502733335275469-0.790100238047856i,-0.823910119,-0.566196589,0.024362623
2438.789555,18639.92276,0.683162481914341+0.701293147101234i,-0.943125059410652-0.180900740845969i,-0.830203153078382-0.548894920910328i,-0.517443206481777-0.78499174012061i,-0.82363323,-0.566595387,0.024453439
1902.846865,19016.53781,0.978062261886361-0.0637058349973659i,-0.957891286978631+0.0934631348837859i,-0.993401458331365-0.0134670205994177i,-0.930923171734314+0.152436029381101i,-0.823356405,-0.566993663,0.024544196
3447.838051,18657.54177,0.586945571616619-0.785518044552258i,-0.89419310253904+0.361570954765424i,-0.841608871034135+0.524623296106484i,-0.240822172351186+0.914627288083342i,-0.823105156,-0.567356311,0.02459104
5635.285608,19587.24024,-0.216544481062912-0.956144084334436i,-0.756736724837979+0.601326720174989i,-0.423509237230353+0.894821108826196i,0.738822147628832+0.593335360282894i,-0.822854243,-0.567718144,0.024637426
5836.767205,18870.60318,-0.867239727402113-0.455218568917099i,-0.556365582377002+0.792780913252121i,0.127752711357274+0.979956912729285i,0.84339092879197-0.43426315889398i,-0.822603388,-0.568079549,0.024683857
4359.674245,19365.33181,-0.907583518189769+0.364065846444849i,-0.309228446619044+0.919814946161832i,0.636818469242621+0.753478141051678i,-0.0542225654401617-0.947388401084277i,-0.822352589,-0.568440525,0.024730325
3940.272106,19472.00444,-0.310995292871515+0.924785296687931i,-0.0354897132652733+0.971528168511596i,0.941841522429899+0.287937190497785i,-0.887417831786819-0.334961052310586i,-0.822101847,-0.568801074,0.024776817
7088.678494,20112.88835,0.500557474521147+0.83424576339422i,0.242316523586551+0.943203888435444i,0.946005277089334-0.268035763936321i,-0.665570500862995+0.674279289556268i,-0.82182952,-0.569190828,0.024860422
12479.6677,19589.41689,0.956324962844545+0.159921810311105i,0.501153793941185+0.836764741747744i,0.648422626664395-0.737031200495476i,0.345448951065403+0.880364432532889i,-0.82155314,-0.569585713,0.024951034
16421.68654,19367.42195,0.73953951841794-0.621312200066187i,0.719415166846867+0.660670485613372i,0.144509491407244-0.969429494923976i,0.942518578967734+0.0416105126888501i,-0.821276826,-0.569980082,0.025041587
17834.31659,20049.66005,0.00763889649627589-0.961825722640951i,0.878754481325839+0.429259213305448i,-0.404385102989365-0.891223101684931i,0.419585267566285-0.841929597324686i,-0.821000579,-0.570373937,0.025132083
17450.6871,19523.06901,-0.72308687387827-0.627813275165767i,0.965657789982153+0.161581789590281i,-0.822498466474289-0.527784955437131i,-0.596811280064574-0.723090450928524i,-0.820724399,-0.570767278,0.02522252
16857.00784,19685.7473,-0.94277530823591+0.140906434838182i,0.972616478356739-0.120175500250891i,-0.975923857548808+0.0041102422947389i,-0.900025298882851+0.250346414721555i,-0.820431028,-0.571184889,0.02531306
17626.19962,20237.75002,-0.503640481371721+0.804215534393068i,0.898796845430594-0.392547755075235i,-0.815625717115584+0.533584811748709i,-0.13697747326542+0.920529325686249i,-0.820130021,-0.571612985,0.025403613
17541.62609,20360.49334,0.281911249562968+0.901640358338127i,0.75014412243087-0.632769465243865i,-0.393344671151795+0.890438924189176i,0.782004554294706+0.49797538472162i,-0.819829096,-0.572040473,0.025494116
14356.93375,21113.86832,0.864378863619963+0.371175016459775i,0.538908100778827-0.820703501026629i,0.154841710964764+0.95989391810349i,0.770445407248949-0.509369536409435i,-0.819528254,-0.572467354,0.025584556
8463.012408,22119.13248,0.841213894946373-0.412840293720282i,0.282628259734691-0.940554061327127i,0.652168258928775+0.719682629630834i,-0.150547795744761-0.907887479099144i,-0.819227494,-0.57289363,0.025674933
4333.587923,21557.87963,0.23372945696404-0.904117705902757i,0.00266388268719286-0.982214728684868i,0.938110043886078+0.247444027664932i,-0.887415099348568-0.231980978661535i,-0.818926817,-0.573319301,0.025765246
3414.198221,21532.71872,-0.532221561450856-0.764025601857893i,-0.277605236305775-0.942134290947024i,0.920279873025531-0.304119006339269i,-0.572067226338166+0.713521691171642i,-0.818626223,-0.573744369,0.025855497
4980.813697,21334.38979,-0.924237762826199-0.093663860523063i,-0.534752925155877-0.823624983179149i,0.604487428310874-0.756457256613783i,0.417094951663032+0.811312335257362i,-0.818325713,-0.574168834,0.025945685
6064.332148,21745.07828,-0.671963239107085+0.639195417828981i,-0.747285812736107-0.636586440346882i,0.0931064601518859-0.96295905308338i,0.909051730986714-0.0498989808823855i,-0.818025286,-0.574592697,0.026035811
4649.889632,21985.45261,0.0474103584626594+0.925272918803835i,-0.897457595337848-0.39666950850184i,-0.447892753252388-0.85660168267551i,0.324478767631977-0.849199452330201i,-0.817724944,-0.57501596,0.026125874
2507.568552,22276.35358,0.732958120634474+0.566192971407729i,-0.972763231219427-0.123952556064109i,-0.842704307548051-0.471932464880482i,-0.642813643745388-0.6416237369009i,-0.817433833,-0.575424085,0.026249774
2409.233036,22517.95496,0.907152923154958-0.188188008451446i,-0.966986210836362+0.158755251654615i,-0.962858270852774+0.0659117019627887i,-0.847328533170652+0.325990499821991i,-0.817156907,-0.575809224,0.026425867
4541.322547,22252.13591,0.447386105129544-0.812263023161236i,-0.880711203119163+0.427837739946752i,-0.769189098098293+0.581742079761154i,-0.0465011788358175+0.906777804479745i,-0.816880024,-0.576193869,0.026601739
6453.375362,21833.41966,-0.327125504302847-0.869163807507086i,-0.721260785784874+0.66085804354878i,-0.324826217630845+0.907335579954105i,0.810336691636286+0.410710250009846i,-0.816603182,-0.576578021,0.02677739
6261.968322,21974.14455,-0.875123847970771-0.316179470517255i,-0.502064462669881+0.838438763518763i,0.22518201102579+0.936381384455154i,0.704465708811548-0.574995281045902i,-0.816326383,-0.576961681,0.026952822
4726.425518,21004.88128,-0.810210983225406+0.461954787435531i,-0.241516403119681+0.945877633679687i,0.701102267132468+0.659369120162686i,-0.241273458769862-0.877930106259886i,-0.816038132,-0.577362572,0.027096624
4841.872643,20801.38917,-0.173736070693945+0.918809347451826i,0.0385788309344958+0.974364119585237i,0.947256631617736+0.166900778134629i,-0.90195739539511-0.133835603085525i,-0.815714328,-0.577817786,0.027142991
8252.996352,20759.44118,0.589399757739414+0.729314978467769i,0.314839443590709+0.92169723801927i,0.883056745517943-0.379792115181663i,-0.48664130952065+0.772865250820807i,-0.815390628,-0.578272306,0.027189389
14547.55189,20478.06294,0.940141309459333+0.0222466733339482i,0.564263137886591+0.792447696264876i,0.52955213035518-0.801577193936067i,0.512857760299288+0.757565792547444i,-0.815067035,-0.578726134,0.027235817
19261.10076,20831.94141,0.626208396564709-0.705185577611475i,0.766143246667968+0.597554450674046i,0.00268492243187711-0.960158487438144i,0.901152114487713-0.166079553517981i,-0.814743548,-0.579179271,0.027282275
19162.98602,20991.70929,-0.134771621298521-0.936027907370721i,0.903785021037288+0.353392967231033i,-0.524639098004112-0.803533837245909i,0.208981107006281-0.893595345103757i,-0.814422359,-0.579628258,0.027336865
17695.29907,21506.3096,-0.804354449101496-0.501875742302127i,0.965880895526378+0.0803959216074473i,-0.879277603501941-0.383182550196646i,-0.736561832783979-0.549419008652309i,-0.814122167,-0.580043591,0.027468701
18144.85111,22107.95815,-0.904102611102138+0.29247101064688i,0.947432996717163-0.198656695556462i,-0.94475666293983+0.162744685476426i,-0.798475321655142+0.45670272323559i,-0.813822054,-0.580458339,0.027600389
18944.56303,21993.05364,-0.358892441421146+0.881821645222896i,0.850149384999275-0.460534918498903i,-0.699619659419731+0.654774306161676i,0.10099747115822+0.914962630625053i,-0.813522019,-0.580872502,0.027731929
18136.34002,22589.89679,0.444977680758066+0.843311680614326i,0.682284268882558-0.683486240400127i,-0.224556029242355+0.931116065110568i,0.879993201653672+0.271242171364768i,-0.813222064,-0.581286083,0.02786332
14009.30473,22303.9037,0.933044039979769+0.201471768199387i,0.457938101219928-0.84903451096169i,0.32408761227068+0.900911753623434i,0.59833290020866-0.699924991211294i,-0.812922187,-0.581699082,0.027994565
7835.696458,21974.76868,0.754307932312364-0.585941209145381i,0.195877383381178-0.943503209949139i,0.765730816148158+0.574176181980598i,-0.405085547625134-0.826464586289414i,-0.812599812,-0.582144954,0.02808556
3998.44001,23243.86942,0.0352040796554416-0.95464677564685i,-0.0820272917109017-0.959139280367274i,0.955000520491344+0.0585411473377217i,-0.918526916710168+0.0445414739201435i,-0.812276248,-0.582592062,0.02817419
4026.365063,22552.14499,-0.709203943456622-0.639560645728522i,-0.352615924001196-0.894746724594746i,0.829612093224749-0.476152539063068i,-0.322168189118046+0.860077173525855i,-0.811952792,-0.58303849,0.028262756
5957.738192,22333.86344,-0.944868947714788+0.133449426451319i,-0.593357496209431-0.755779240340599i,0.430907222272427-0.853770400651699i,0.661503379209353+0.634929117975564i,-0.811629442,-0.583484237,0.028351257
6266.467471,22351.84464,-0.50316605402267+0.80944051041686i,-0.784215053105737-0.553885104793003i,-0.109731971262657-0.949896940273182i,0.842927435712337-0.356079250301865i,-0.811306201,-0.583929305,0.028439695
4275.916029,22511.84116,0.297788042225733+0.903741121157648i,-0.909305007921348-0.305941849114403i,-0.614132592330006-0.732836589139323i,0.00571207163274168-0.912882151615802i,-0.8110035,-0.584346985,0.028494293
2452.654037,22293.29768,0.882633888804153+0.350418290394344i,-0.958214915503882-0.0326595395926336i,-0.91601159335936-0.274091387499052i,-0.834308457152217-0.36460244895843i,-0.810706107,-0.584757266,0.028540293
3259.439387,21496.39922,0.83298027061548-0.451484850686588i,-0.926871483955007+0.243133521784825i,-0.915768792170527+0.275148492734507i,-0.662294557750687+0.620993860311101i,-0.810408809,-0.585166972,0.028586321
5974.789087,21857.58069,0.187255511151521-0.926305961225167i,-0.817886821246037+0.498382888262489i,-0.613347379845779+0.733777109657043i,0.30850122559364+0.850938380618471i,-0.810111606,-0.585576104,0.028632378
7522.011275,22647.28623,-0.589056518740919-0.735659711024051i,-0.640353025852605+0.711723172492077i,-0.108328316852565+0.950436392818565i,0.900790187578591+0.0518367476566782i,-0.809814497,-0.585984663,0.028678464
6353.514904,22292.95821,-0.939490669593732-0.0197155068811004i,-0.409099958073777+0.865259119320537i,0.432798971813887+0.853435116903407i,0.401404615662399-0.804837256344073i,-0.809500309,-0.586413685,0.028779145
4493.099467,22147.29401,-0.615762122607727+0.706114819174164i,-0.143474865466174+0.946065362342945i,0.83144777471046+0.474477651573373i,-0.579684384557419-0.683860944326626i,-0.809176878,-0.586853497,0.028909382
5784.491558,22280.00309,0.146484061181115+0.922505459180556i,0.134258001110911+0.947279697933108i,0.955809066559746-0.0616448438783444i,-0.854204035465415+0.262615116191146i,-0.808853548,-0.587292642,0.029039464
11400.44489,22894.05003,0.799392054828095+0.477739671875368i,0.400767752550945+0.868697079457615i,0.764409447045984-0.578061783802568i,-0.0946405004786338+0.885892197972705i,-0.808530319,-0.58773112,0.029169389
17644.54613,22017.01977,0.876622190209634-0.306175282662327i,0.633605520680403+0.716811803756861i,0.31997498925213-0.904084056838502i,0.774902715898719+0.434378783986725i,-0.808207192,-0.588168934,0.029299158
20109.68381,22022.84748,0.326184484985824-0.866595007905504i,0.813090204740211+0.50430040581771i,-0.231037744078725-0.931565270922413i,0.702241623846552-0.540124944254939i,-0.807883693,-0.58860569,0.029449632
18928.67588,23580.57563,-0.454777116365922-0.803750614461623i,0.923973694831716+0.248984018437119i,-0.706594298352746-0.650782269113649i,-0.220081034723575-0.8558766588934i,-0.807559808,-0.589041391,0.029620853
18441.69913,23871.80463,-0.906182113893198-0.16566447178662i,0.956744616438916-0.0276473677013872i,-0.949131467631665-0.153936563286368i,-0.871565045547094-0.13344504140982i,-0.807236011,-0.589476437,0.029791828
20447.92956,23028.06436,-0.70622527775607+0.588194656820946i,0.908458228006324-0.302228836123038i,-0.877735596467825+0.394999854826261i,-0.463806777858769+0.747791919395231i,-0.8069123,-0.589910829,0.029962555
21159.8746,22341.91796,-0.000720346917434871+0.917166499733935i,0.783018488853432-0.551484723855851i,-0.515190013319391+0.814281061529747i,0.505239268880866+0.718555586969499i,-0.806588676,-0.590344567,0.030133036
17905.9487,22381.49008,0.702669879728791+0.586739966650841i,0.590883490929818-0.754199029255167i,0.019163364105206+0.964497397745847i,0.857714744778657-0.183257981415605i,-0.806257586,-0.590790199,0.030259654
11848.01489,22571.5294,0.899023968871779-0.164031953080065i,0.34821375881849-0.893025514215725i,0.548564723089109+0.794952723809055i,0.166567796221624-0.85996952504233i,-0.805912561,-0.591258443,0.030305075
5929.674259,23113.46334,0.448418596545863-0.794677428050919i,0.075530348658784-0.955982500496562i,0.897203717592149+0.360879578058578i,-0.725828501814103-0.488702594407025i,-0.80556767,-0.591725927,0.03035055
3693.539107,23533.93863,-0.323778923179425-0.851739821835516i,-0.204007832834016-0.937502250385647i,0.948589545338352-0.194389745664913i,-0.7324545632787+0.477305064299248i,-0.805222915,-0.592192652,0.030396049
5226.681225,23837.04948,-0.860934365475949-0.294964733150367i,-0.46656424733127-0.838941211859355i,0.684559957936624-0.686609420017617i,0.154223123544971+0.859893318615327i,-0.804878295,-0.59265862,0.030441579
6974.260992,23961.70883,-0.775976793781672+0.473453688746774i,-0.689657169889305-0.66850239915733i,0.19183940973923-0.951693153356737i,0.851662886316351+0.192221617278708i,-0.804534407,-0.593124302,0.030462263
6101.598976,23661.40735,-0.130806628612897+0.898549123249899i,-0.854090865112518-0.440571052438906i,-0.366269163964778-0.90046381694915i,0.507595479492705-0.709812983988632i,-0.80419301,-0.59359112,0.030383977
3651.545726,24182.51905,0.607807810312419+0.673303963457508i,-0.945618677601314-0.17451523937073i,-0.803894672809827-0.548800313619136i,-0.457252615471332-0.742760529056483i,-0.803851713,-0.59405721,0.030306018
2793.034397,25351.2198,0.905286411663975-0.0388437604741291i,-0.956192449198144+0.106950163464652i,-0.974500231712126-0.0129376996670507i,-0.861473684662486+0.133962640173614i,-0.803510518,-0.594522575,0.030228384
5455.491906,25833.32935,0.54640472186535-0.721629455882743i,-0.8846868554902+0.379698797791946i,-0.820070215935076+0.528788130330018i,-0.209395238362121+0.845885310154124i,-0.803169426,-0.594987216,0.030151074
8423.213426,27020.27415,-0.208073447939038-0.879885953721013i,-0.737031602354894+0.620262719922883i,-0.391031094969996+0.895231784453829i,0.699117161618953+0.519443551598162i,-0.802826885,-0.595452582,0.030086793
8509.633101,26835.99183,-0.810080906919264-0.399185389012932i,-0.525735198565893+0.807858740636371i,0.170005254803761+0.963084262880085i,0.748373452102065-0.444565131520049i,-0.802455902,-0.595943842,0.03025661
6093.624889,26430.32448,-0.822353850577458+0.370507484559997i,-0.268836838575275+0.926195131665296i,0.675523070024073+0.708547903081844i,-0.122083219065576-0.861266193728639i,-0.802085051,-0.596434254,0.030426161
5599.554585,27947.17842,-0.236732026629934+0.869092233943434i,0.0116268517395931+0.964900140803111i,0.955787362136823+0.215889433614697i,-0.84133966707855-0.218317959275737i,-0.801714335,-0.596923819,0.030595423
10456.57466,27869.29513,0.519675546203906+0.734150167091646i,0.291510317701717+0.920445397963419i,0.915978756255771-0.350275521684389i,-0.524254359137867+0.692345313387166i,-0.801343753,-0.597412539,0.030764404
18086.32039,28296.8668,0.89573092926964+0.0651026931321812i,0.546640798435051+0.7964804201118i,0.568495420359824-0.799925877242688i,0.437790049982597+0.749019935005863i,-0.800973306,-0.597900415,0.030933108
23357.04705,29815.93998,0.618222087156474-0.649443237016581i,0.754913074978387+0.603545331029922i,0.0293357019754877-0.981495976044465i,0.858672370305166-0.117148136837241i,-0.800624151,-0.59835723,0.031138318
23743.69869,29328.6186,-0.109015948729634-0.888472841680613i,0.898214614032739+0.35818315561163i,-0.520492115224287-0.833163545312581i,0.220316287796794-0.837086967096698i,-0.800277378,-0.598810048,0.031347154
23652.92327,28577.62245,-0.754429731506623-0.47887043582109i,0.964012133777185+0.0815258336521469i,-0.895747853009853-0.404136701831345i,-0.688239103762967-0.523142423431742i,-0.799930698,-0.599262146,0.031555638
24732.6502,28439.83764,-0.847325125530696+0.278726620394111i,0.946459283638042-0.202525283189052i,-0.969515848297479+0.161475744230786i,-0.745509543590652+0.435408158470366i,-0.799584112,-0.599713524,0.03176377
25504.64386,27561.7463,-0.321477339131875+0.830339421981766i,0.846926363830328-0.469367427512903i,-0.716360096248519+0.672998948179816i,0.117466644573324+0.854127339076014i,-0.79923762,-0.600164183,0.031971551
23650.67923,27477.32815,0.437338590943935+0.77378916861487i,0.673903226250325-0.695833270995751i,-0.221319980396916+0.95754615755786i,0.833152135659257+0.217144274897927i,-0.79885923,-0.600666472,0.031995631
17630.21347,28065.1654,0.874160181194348+0.152153349484579i,0.442281282391548-0.862210127164449i,0.348511359542976+0.91864363772495i,0.51781284476186-0.686415182459468i,-0.798470526,-0.601184984,0.031959876
9842.90225,29622.84178,0.670689903675358-0.578715072093991i,0.172075052707657-0.953964533961817i,0.800378194797687+0.569176550968073i,-0.436664653521393-0.739396807925848i,-0.798081992,-0.601702558,0.031924376
5138.976191,29785.95641,-0.0226244149650355-0.884217055698536i,-0.113306911546566-0.963020427267863i,0.981191566313118+0.0273207824720508i,-0.8489555841911+0.121975677484313i,-0.797693626,-0.602219197,0.031889131
5396.477549,28736.53558,-0.697506595815145-0.541926966358639i,-0.389092011759076-0.888477751767428i,0.829606928666008-0.523329121741919i,-0.210095808111528+0.830578545659768i,-0.797305431,-0.602734903,0.031854139
8203.337879,27786.84927,-0.860107290162611+0.196318663991433i,-0.631297936601747-0.736707062450251i,0.397058370796906-0.896010178994394i,0.687613303789063+0.50971154763354i,-0.796927214,-0.603226417,0.032014148
8245.784495,27931.93337,-0.39221511987041+0.789261585566855i,-0.81882341740402-0.520810165281398i,-0.169537438200289-0.964291497544143i,0.732210381639147-0.441996247313996i,-0.796555499,-0.603701886,0.032301247
5632.174823,28953.51196,0.362543238943681+0.802570194294529i,-0.93529257855923-0.259492331147367i,-0.677640024735738-0.705176579949759i,-0.130823190163968-0.844715136711725i,-0.796183841,-0.604176571,0.032587771
3400.852175,29960.1719,0.850441340414753+0.226873299555909i,-0.970491210181378+0.0245567909648931i,-0.954592864842004-0.207041280213078i,-0.830917125840097-0.199294432819388i,-0.795812242,-0.604650472,0.032873723
5397.16641,30336.72073,0.713355885655236-0.515174895347663i,-0.921268642565854+0.306633273676323i,-0.906459299169563+0.36039254894668i,-0.499222643767651+0.693353127035686i,-0.795440704,-0.605123591,0.033159102
8766.269691,29765.89028,0.0516961201240103-0.878392941258362i,-0.791825357962916+0.562168792552564i,-0.55007905856795+0.803876419876702i,0.45287080035142+0.724595750573768i,-0.795064218,-0.605614545,0.033225184
10062.69796,29841.04933,-0.64839650300823-0.595147486192478i,-0.593359969672204+0.768873043511257i,-0.00734420972292175+0.972544048832701i,0.842325388407411-0.145397898312337i,-0.794681797,-0.606126939,0.033029912
7427.965729,29521.28772,-0.871342567737809+0.127093869794276i,-0.343105057963236+0.908681765164849i,0.536405592911443+0.809394698133664i,0.183474160263222-0.835379652077801i,-0.794299435,-0.606638483,0.032835316
5944.980763,30606.18225,-0.451564549181801+0.756727856485686i,-0.0628347057192511+0.969340050784793i,0.895686151337119+0.370730569993785i,-0.705152693275018-0.485268375208337i,-0.793917133,-0.607149179,0.032641393
9216.774003,30722.0005,0.302850238275217+0.828460524885274i,0.223027220199343+0.945482106592098i,0.948238253084516-0.19313024356319i,-0.715750755517694+0.471108729176422i,-0.793534892,-0.607659027,0.032448143
17178.05401,30606.57327,0.835107801826267+0.287238856618723i,0.489533959237041+0.839112209841122i,0.676781345344524-0.689293877601882i,0.167787996888181+0.841362327773285i,-0.793147193,-0.608163563,0.032474756
24061.04274,29938.31699,0.750020647292619-0.468524790075756i,0.713393010698661+0.65944356503112i,0.174848497643558-0.948294628281019i,0.844025145531253+0.160353978918491i,-0.792746848,-0.608657217,0.032997365
26629.70241,30978.67723,0.107917693582502-0.879078324679858i,0.875003842200561+0.422107556213591i,-0.385309708879402-0.882069471903609i,0.465493999877065-0.723644037779791i,-0.792346254,-0.609150153,0.033518725
25189.22941,31563.74209,-0.61677590569611-0.6376383637514i,0.960178104119114+0.147800724733967i,-0.81177103584456-0.514043761134044i,-0.497971307517002-0.703406321080767i,-0.791945413,-0.60964237,0.034038841
24808.30699,31817.89082,-0.885090461475988+0.0794751510147887i,0.961391439090275-0.139514075420059i,-0.958713234542092+0.0289879030673462i,-0.839830490270778+0.19988930720196i,-0.79154433,-0.610133869,0.034557715
25868.87321,32155.4418,-0.494534225266729+0.740216497423114i,0.878456281878691-0.414696732370982i,-0.776368781969837+0.560413098543869i,-0.127461334061111+0.855329559375304i,-0.791141468,-0.610630919,0.035000832
25472.40461,30899.63929,0.266896290802845+0.850911282515045i,0.71855507696029-0.653627738544002i,-0.328027399618445+0.8978623893995i,0.747958902070139+0.436975803110732i,-0.790730385,-0.611160687,0.035043879
20201.23704,29990.17479,0.83182206852621+0.325743887008161i,0.495628814983776-0.835323307501234i,0.231760551540489+0.925810743406153i,0.684376447194964-0.533392304827768i,-0.790319523,-0.611689428,0.03508697
11311.20793,30636.23737,0.77607163519773-0.445417296680342i,0.229171940505345-0.943782622117353i,0.710320058595545+0.635231316584501i,-0.242523261587976-0.834520069032695i,-0.789908883,-0.612217144,0.035130133
5517.266566,30368.42055,0.138189290173546-0.885476370876445i,-0.0574633313051242-0.969404624279789i,0.943101718571471+0.126666236977809i,-0.866325705582174-0.0830789148576449i,-0.789498464,-0.612743837,0.035173373
5131.972191,30928.81026,-0.605662049156191-0.662266761986471i,-0.339106944781832-0.909848536492421i,0.850293096124991-0.424376317979805i,-0.397178237101305+0.77563998732155i,-0.789088229,-0.613269487,0.035217933
8292.891224,31205.8747,-0.896590144372037+0.059458077837181i,-0.590978007059622-0.770260242330401i,0.464312933296625-0.827846631249263i,0.575663250113652+0.655469325531241i,-0.788673494,-0.613791245,0.035417904
8746.115755,30858.78919,-0.513614310177688+0.738426948437625i,-0.790866094656858-0.562841674609153i,-0.0813172257206527-0.944646661219473i,0.821817603885264-0.294913298456611i,-0.788258943,-0.614312,0.035617477
6165.521986,30498.1613,0.257155570103847+0.86269843837297i,-0.921095200651409-0.305797752355569i,-0.597963443277911-0.73464736243692i,0.0269464819716838-0.873264986538279i,-0.787844578,-0.614831756,0.035816653
3681.769635,29567.03576,0.835419595765147+0.336689472811423i,-0.970096515818167-0.0217502057123419i,-0.906957880739051-0.270641786913569i,-0.803114573803163-0.34479183255103i,-0.787430399,-0.615350514,0.036015434
4991.269114,29052.06681,0.783932108448958-0.4440966936178i,-0.933449441451424+0.264244961211858i,-0.901364599865543+0.286667628793677i,-0.614410675188167+0.621691920197784i,-0.787016408,-0.615868276,0.03621382
8696.208521,28863.76653,0.140291978842223-0.890018827904918i,-0.81429603828358+0.526903804169483i,-0.583094852197341+0.744126826006699i,0.35471510363138+0.798659182907202i,-0.786610079,-0.616389275,0.036177978
9822.143992,30211.33437,-0.609488221064294-0.66327215965146i,-0.623088650120996+0.742951037060128i,-0.0624591633533363+0.942966710006265i,0.872543931793761-0.0395425512955835i,-0.786205164,-0.616909989,0.036104097
7636.680985,29530.93765,-0.897946030043517+0.0650537003000683i,-0.376689015935027+0.893189245519871i,0.479831578662319+0.813934224437262i,0.280141140930562-0.826540751441098i,-0.785800438,-0.617429728,0.036030586
5420.663883,29683.39111,-0.506528760111404+0.743402578398284i,-0.0968946950749703+0.964216354532456i,0.855210535489933+0.401569730028723i,-0.667720974335525-0.560435080692312i,-0.785395901,-0.617948494,0.035957445
8305.891783,29998.23737,0.267816112927327+0.857747473155204i,0.191480008470873+0.949636715874523i,0.93276562492899-0.150932406729179i,-0.763267061884817+0.418569507364216i,-0.784991554,-0.61846629,0.035884672
15362.56447,28829.43295,0.83759461903854+0.322032174759596i,0.462800844693691+0.850654918099975i,0.684981748320799-0.651220887732633i,0.113701243956245+0.861540744556497i,-0.78455258,-0.619025672,0.03583947
21849.16384,28100.91063,0.771017367694047-0.456306246527843i,0.692894275210227+0.6759954615669i,0.197702350994627-0.92461782269294i,0.842694471900313+0.205032255388626i,-0.784099642,-0.619601247,0.035805679
25152.53112,27737.01541,0.120070077453888-0.886177673952862i,0.86120905333043+0.441151103026793i,-0.359365218438843-0.875114699224054i,0.494343696079397-0.710215188558212i,-0.78364697,-0.620175602,0.035772176
23955.23538,27657.9618,-0.619552646645171-0.642334030013416i,0.952664758639302+0.167022701816535i,-0.791560138929619-0.519233019672385i,-0.482941607419019-0.715408350628804i,-0.783194566,-0.62074874,0.035738962
24613.21279,28170.67262,-0.886079384979842+0.0878556998743913i,0.95901975700306-0.121931580763201i,-0.947218597633925+0.0192467842938534i,-0.839055252104047+0.19229641203715i,-0.78274243,-0.621320664,0.035706034
26241.71876,28433.93304,-0.478927062429165+0.74809772050446i,0.879632814289898-0.399874874724543i,-0.770971010973881+0.552110005677769i,-0.122134477495722+0.849562202342252i,-0.782296193,-0.621869441,0.035931372
25213.27113,27771.83098,0.289857645181064+0.837236478746662i,0.721546099519082-0.641904331881014i,-0.32362555521347+0.892358102580736i,0.746571375812471+0.41804383754419i,-0.781854409,-0.622400026,0.036357812
19295.50212,27792.06501,0.834631345303464+0.290131837056565i,0.498877881596616-0.826290701500468i,0.238574271100575+0.919836712852248i,0.656112356628214-0.544907763550566i,-0.781412608,-0.622929639,0.036783158
10596.84452,27950.98599,0.742530011920658-0.474478329416202i,0.231575450057185-0.936442435765246i,0.718338930791753+0.623803828756511i,-0.27236992082484-0.805214145668717i,-0.780970793,-0.623458282,0.037207413
5204.440511,27055.75491,0.0867113846128905-0.874411558778848i,-0.0563629614227019-0.962415372402253i,0.946506156215813+0.107300438191743i,-0.846434436400825-0.0341679445587132i,-0.780528965,-0.623985956,0.037630579
5004.876598,27443.3607,-0.631411111084693-0.607499363366392i,-0.33903955371238-0.901828877891953i,0.841765021096211-0.448508482657714i,-0.333787127873596+0.775391086834317i,-0.780081092,-0.624526882,0.037942902
7905.234774,27604.91459,-0.865460203013501+0.119868405971581i,-0.590988937400667-0.760102192906463i,0.439808969826723-0.847765872569833i,0.602589643980716+0.586997296310778i,-0.779624792,-0.625086975,0.038097998
8342.580211,27904.35221,-0.439897210193165+0.752071741180893i,-0.789480249862033-0.549985906241993i,-0.118607512838032-0.948959876743617i,0.760919017549278-0.351808520340254i,-0.779168768,-0.62564587,0.038252794
5539.686802,27819.45479,0.318135522167583+0.808555182092551i,-0.916580280384652-0.290427470187902i,-0.636807981160226-0.715218435706085i,-0.0567701100662231-0.833501030388892i,-0.778713022,-0.626203569,0.038407289
3795.140221,27449.96945,0.829999984807645+0.249155434558935i,-0.960788927637339-0.00487060806169339i,-0.931433529076827-0.227926030921103i,-0.796241256874167-0.243428387402104i,-0.778257554,-0.626760075,0.038561486
4909.175475,27048.04408,0.707063668648243-0.497228994213566i,-0.9180962057573+0.280859282650872i,-0.897415641096706+0.341438583220358i,-0.509501092786751+0.655089447745033i,-0.777802013,-0.627315215,0.038725302
8419.1539,25880.24068,0.04582404764862-0.861100265133879i,-0.792362002495811+0.540892952014695i,-0.545616460552237+0.791571717301898i,0.429453830231577+0.707089034837079i,-0.777345758,-0.627868676,0.038916559
9444.334005,25713.8741,-0.647413196140637-0.566668686501899i,-0.59498119383982+0.751666144797265i,0.000420882164545829+0.962566709150409i,0.811144343307622-0.149481369627366i,-0.776889766,-0.62842096,0.039107402
6735.150824,26401.21711,-0.843750494964418+0.158973940252537i,-0.343861934467902+0.894065218877162i,0.547747194688328+0.792865797632437i,0.148000606719066-0.809033057583299i,-0.776434038,-0.628972071,0.039297833
5389.036718,27443.95224,-0.395035382103157+0.760491593906581i,-0.0618079703538204+0.955172915408309i,0.902194446869214+0.341594546722406i,-0.701984637709519-0.424331539503416i,-0.775978574,-0.629522011,0.039487854
8681.91243,27383.81938,0.354052698605545+0.778815253873868i,0.225549184903667+0.929453478253077i,0.937373441843294-0.231896544632971i,-0.644016249046195+0.504736657905605i,-0.775521318,-0.630074392,0.03966038
15849.6238,26728.57605,0.830139126439398+0.201446762191712i,0.492080539690235+0.819267108038514i,0.639913460322001-0.724265038436602i,0.243456603071753+0.779233712845772i,-0.775048339,-0.630653631,0.039699738
21699.12439,27445.57363,0.669593429323171-0.528641430719476i,0.713539985522135+0.634664868994981i,0.114678763106081-0.960354226864063i,0.813291830237867+0.0477606272793146i,-0.77457569,-0.631231574,0.039739156
23053.39736,28147.93703,-0.00358225442733539-0.852177139830413i,0.869777080139095+0.392481030819928i,-0.452122100060672-0.855661711981551i,0.331347599485695-0.742610111353282i,-0.774103371,-0.631808224,0.039778632
22458.16902,28316.51879,-0.67284598416716-0.52171476852039i,0.946579376986365+0.114804344419757i,-0.858988123893328-0.446754302685646i,-0.577007010526639-0.571090082658394i,-0.773631382,-0.632383585,0.039818169
22402.06996,28047.33406,-0.824807332484655+0.20872226147165i,0.936974925683091-0.173033055182999i,-0.960893413002098+0.121386317417472i,-0.736707938470534+0.338286458107965i,-0.773159723,-0.632957661,0.039857764
24327.1198,27927.91695,-0.34298013283913+0.778112180860604i,0.841874744766011-0.444765862968037i,-0.721155282399827+0.646756918287493i,0.0573314238126527+0.807618848424433i,-0.772672358,-0.633522842,0.040326619
23460.82787,26900.41893,0.402298679316235+0.748804613481102i,0.669995407663123-0.675593894516786i,-0.224783209461253+0.942250889584049i,0.77542609270465+0.229905120751083i,-0.772184378,-0.634086626,0.040809774
17132.75993,26376.37134,0.837698907009055+0.143123052117685i,0.437067828961317-0.844448998488204i,0.35160373381192+0.902458197359115i,0.48699136063107-0.644839521395066i,-0.771696365,-0.634649296,0.041291534
8624.683265,26985.60837,0.627648516853522-0.572832528121303i,0.164403810169082-0.935922890505633i,0.802668326263584+0.541435001939801i,-0.432939267877247-0.681606464327052i,-0.771208324,-0.635210855,0.041771903
4576.408767,27042.01692,-0.0665388749119448-0.847150141687121i,-0.123049134530595-0.941679059484556i,0.967641402908109-0.0121530984573077i,-0.789555997695582+0.166899356898312i,-0.770720256,-0.635771302,0.042250907
5303.391308,26130.01576,-0.709659490851846-0.467555181589658i,-0.398987133206234-0.861219009597687i,0.787794834782176-0.560876421959525i,-0.119522404613338+0.797720745381203i,-0.770216631,-0.636385514,0.042187905
7958.286957,26160.45588,-0.804732521992242+0.273591499440609i,-0.638155199522424-0.701932138740679i,0.327492678290606-0.909040920280445i,0.705586909477759+0.390273782363034i,-0.769709733,-0.637010707,0.042003405
8083.991273,26544.93993,-0.27736266471255+0.803612111647673i,-0.818658403342702-0.478424089697162i,-0.248775427117115-0.932633199932947i,0.611532669225105-0.52518682784726i,-0.7692031,-0.637634455,0.041819751
4848.404519,27015.89959,0.465164216556986+0.711785064870207i,-0.923967480331452-0.21118442781576i,-0.735204222682117-0.623655935740103i,-0.279478687460094-0.755901691839638i,-0.768696734,-0.638256764,0.04163694
3930.231042,27093.22968,0.847723837348444+0.0682253498227136i,-0.944435214005443+0.075285047743723i,-0.958286042953518-0.0929485761318038i,-0.805756592462428-0.000613493292141081i,-0.768190635,-0.638877636,0.04145497
6407.619422,26621.90818,0.572916242101243-0.628711159780358i,-0.878184531366095+0.354710685871074i,-0.83885654095147+0.469537587714591i,-0.280115614881216+0.755343928398758i,-0.767687937,-0.639472834,0.041589967
9214.918619,27070.40458,-0.146910532945377-0.837889695696031i,-0.731286557073808+0.60145160143699i,-0.420334245794681+0.862780121408199i,0.611383797139433+0.524377895465213i,-0.767187073,-0.640054568,0.041882503
9108.708654,27222.52572,-0.752891832543657-0.395984935686412i,-0.517211634884693+0.792848934562039i,0.146964560598033+0.946649209217876i,0.703360649962826-0.392121471296621i,-0.766686479,-0.640634979,0.042174241
6187.965617,27010.57811,-0.773402922129992+0.35405082902526i,-0.255602647963335+0.911305024780508i,0.659795696699641+0.691993031181845i,-0.124964464679417-0.79530229852946i,-0.766186156,-0.64121407,0.042465184
5589.230887,27333.92805,-0.191817344476164+0.828480700201652i,0.029518175632103+0.945902189676557i,0.934866084250086+0.190898531862582i,-0.789323806489041-0.156985207341586i,-0.765686104,-0.641791844,0.042755335
10553.23729,26911.26397,0.539083538319906+0.657284427909212i,0.31194600847728+0.893412535053754i,0.874468953946912-0.376520566311841i,-0.419061188975022+0.686661244296686i,-0.765179833,-0.642384818,0.042913504
17860.43612,26773.15904,0.849214312452488-0.0263599943880925i,0.565693743799429+0.758605496886308i,0.501337286970026-0.806852986152088i,0.500392060340005+0.629306961549052i,-0.764667888,-0.642991742,0.042949277
22592.18468,26860.14786,0.496334629572456-0.68882795552262i,0.767377015272751+0.553823625137592i,-0.0497571420411521-0.946376970118761i,0.762364982041471-0.253708896714238i,-0.764156355,-0.643597191,0.042985123
23770.08228,26577.33407,-0.243754731794184-0.812476521141029i,0.898365975382862+0.297863705204086i,-0.580593973537653-0.746100074455446i,0.0230263095959226-0.802506949963779i,-0.763645234,-0.64420117,0.043021043
22768.34056,26399.58453,-0.792108701313675-0.300863695941068i,0.946506592909265+0.0142636675987205i,-0.900790950954489-0.279112836564762i,-0.745444688342763-0.296067846992862i,-0.763134525,-0.644803682,0.043057036
22564.18319,26291.31083,-0.719729867116011+0.445056510596716i,0.907252865730584-0.270849857404004i,-0.896157824036653+0.28593123599472i,-0.532433492061049+0.598717526528699i,-0.762613476,-0.645413924,0.043145718
23281.86352,26187.73346,-0.0840926827301808+0.840745650451608i,0.784104474530998-0.53115794866107i,-0.569562116760357+0.74563069914211i,0.380631286235543+0.703898923317949i,-0.762074429,-0.646038368,0.043324258
20898.43654,26836.05314,0.615610896345503+0.576623714547016i,0.588307284971717-0.742571403637438i,-0.039646724970814+0.935049888614396i,0.790352656109839-0.11790311543832i,-0.761535815,-0.646661231,0.043502351
13571.37829,27084.82298,0.830351338877989-0.138741727935094i,0.337841116039496-0.885456711750802i,0.50210015883341+0.786989720448864i,0.157677028831397-0.782112826327621i,-0.760997636,-0.647282516,0.043679998
6338.191943,28187.06268,0.392743759126507-0.742610295368149i,0.0557843168636334-0.946461164091981i,0.860443178109087+0.35599837920346i,-0.6809428623155-0.413142723475748i,-0.760459893,-0.647902228,0.043857201
4418.640693,27891.91745,-0.351508821203392-0.760843565587807i,-0.231797941381005-0.91976776041475i,0.906771702607437-0.201503993690225i,-0.61832036121446+0.499668453460509i,-0.759918209,-0.648526568,0.044018261
6651.226141,27036.37203,-0.816185290098408-0.181007550411856i,-0.498250365589469-0.807661663623522i,0.625388899600202-0.683811791483582i,0.26047175988622+0.749388647393089i,-0.759361436,-0.64917128,0.044123208
8614.438385,26316.33292,-0.636609843329839+0.538433263261959i,-0.718790629045917-0.620352149724641i,0.119026912530776-0.916826090285536i,0.791607422091687+0.00790150084622301i,-0.758805163,-0.649814289,0.04422797
7086.036188,26599.94474,0.043249791418069+0.830287780164173i,-0.872812615408356-0.37506178465522i,-0.428414440502616-0.816950740434857i,0.273660253042325-0.740906992901916i,-0.75824939,-0.6504556,0.044332548
4344.839294,27358.75781,0.685358311875948+0.466297171150171i,-0.945816511195255-0.0944618525830604i,-0.81847346733862-0.421266157212996i,-0.604175912816093-0.505771779420473i,-0.757694118,-0.651095217,0.044436941
4914.258508,26792.03112,0.78327868826491-0.263422332032747i,-0.930784959089951+0.195406235798212i,-0.910023631577939+0.125963211095113i,-0.677589655484979+0.398247084599287i,-0.757139127,-0.651733064,0.044546106
8276.670981,26616.23014,0.262239394157799-0.780907663548434i,-0.828873866866374+0.467535294154327i,-0.67044521521944+0.625626624513714i,0.147738513504214+0.769880127037395i,-0.756581727,-0.652368136,0.044720291
9972.189641,26907.75783,-0.46291268486145-0.678163655611333i,-0.649348426090259+0.696462411586377i,-0.18748973631145+0.896056634275826i,0.7729071183693+0.117963217550305i,-0.756024811,-0.65300154,0.044894029
8220.177873,27304.14268,-0.817442820514975-0.0395696018112384i,-0.408763945791909+0.860652700194265i,0.362558226221068+0.839089457277479i,0.368196837417422-0.687359744160852i,-0.75546838,-0.653633278,0.045067339
6203.353451,28573.29905,-0.522454955388273+0.626434080211121i,-0.129461033530289+0.944534015087804i,0.778977277056945+0.475881411976845i,-0.524050738472059-0.574575280178133i,-0.754912433,-0.654263356,0.045240236
8548.951488,28923.0633,0.184907567197416+0.791734867643227i,0.162490942348098+0.939989891721167i,0.909753344937221-0.0606448788681268i,-0.714176967666627+0.302460988801518i,-0.754356973,-0.654891781,0.04541269
15579.64976,28165.94929,0.741227238370855+0.327671804462904i,0.439715314635343+0.847166170254744i,0.707162503944619-0.574134542065897i,0.0483365006492272+0.772024951415674i,-0.753770582,-0.655539102,0.045808243
22561.9732,28049.98646,0.705297277286559-0.393991333497349i,0.676091461552839+0.674509103675156i,0.245443271945551-0.876455072021355i,0.742596208242984+0.20935525782371i,-0.753181822,-0.656186497,0.046221474
24844.17285,28547.6598,0.108520522562864-0.79809585586301i,0.84922100416+0.438023639355424i,-0.306075263488055-0.856603746981651i,0.441742758482401-0.630225209894182i,-0.752593367,-0.656832217,0.046633284
23909.82987,29056.5076,-0.571407994232361-0.564355627338774i,0.942563949047816+0.159813577094272i,-0.744787222457862-0.521641582330186i,-0.448396884002855-0.62326002431033i,-0.75200522,-0.657476267,0.047043678
24203.34413,29095.40803,-0.792182698696596+0.118181556460427i,0.947039933271601-0.13396634315015i,-0.909109653465164+0.00550406133729395i,-0.734396299165744+0.218048472595417i,-0.751417385,-0.658118651,0.047452661
25995.99473,29287.40713,-0.379457675867446+0.703083019411886i,0.861937517770766-0.415559184496987i,-0.738072179041872+0.530823384138486i,-0.0348962010557674+0.763700754873254i,-0.750832429,-0.658785324,0.047461147
24645.16227,30025.40785,0.334759296053637+0.723429725357616i,0.695037867547382-0.658227728913655i,-0.294192698442297+0.860406411639332i,0.708851892421555+0.282463202458826i,-0.750248722,-0.659457809,0.047352433
18024.33046,30091.20723,0.77827030447071+0.164751225690711i,0.461932460648363-0.838802407905168i,0.259038724236492+0.871992200045337i,0.497702041608402-0.576711066312976i,-0.749665533,-0.660128441,0.047244379
9629.070072,29027.53262,0.596687869131869-0.524022131803506i,0.184590916606283-0.939911779545898i,0.717093036153694+0.560494614740932i,-0.382391413733967-0.657563682540772i,-0.749082861,-0.660797225,0.047136981
4607.66383,28759.05356,-0.0630228555031596-0.790458065126907i,-0.110692601556213-0.951679073542518i,0.909893221000828+0.0404838325238653i,-0.745286235261041+0.147475392387239i,-0.748500709,-0.661464168,0.047030236
5953.83904,28730.77186,-0.670603777139904-0.421463752932873i,-0.395784693598768-0.872716501341264i,0.765046101420975-0.495638101517054i,-0.102403661440242+0.752055884489298i,-0.747911769,-0.662085929,0.047646713
9518.156237,28392.27487,-0.737984503124919+0.285758747778945i,-0.643395970200635-0.710314181867055i,0.335270442326462-0.848627484717371i,0.677794746521046+0.340344831797189i,-0.747317196,-0.662680637,0.048696837
9695.306889,28872.25588,-0.211311417280078+0.762207213939626i,-0.829706243753231-0.479796714351805i,-0.220469801839405-0.886439708592172i,0.541030919197101-0.531021560723459i,-0.746721022,-0.663274711,0.049743075
5979.263081,30054.92073,0.485357632106451+0.624311811631887i,-0.936677835878623-0.203100471994181i,-0.695513521155648-0.593804690382786i,-0.327825712854666-0.683355400799617i,-0.746123265,-0.663868145,0.050785433
5062.952677,30622.08858,0.790665701201855-0.0171024789118729i,-0.95383002514277+0.0932991197646978i,-0.912270483509169-0.0786465945963466i,-0.752565039428619+0.090081271840786i,-0.745523944,-0.664460932,0.051823919
7866.458694,30284.16579,0.457924530674212-0.645154812109237i,-0.879297041077152+0.380916236046374i,-0.788723618524275+0.467439229244525i,-0.156901742162622+0.741713605942061i,-0.744899047,-0.665118125,0.052376424
10518.99731,30401.73293,-0.245211039288386-0.752736470840522i,-0.720059515726805+0.631998272550994i,-0.369712000143029+0.840298842617751i,0.652294691458203+0.387042105422636i,-0.744247652,-0.665845588,0.052393568
9591.872759,29594.31456,-0.751304267100654-0.251838372616229i,-0.491318629753845+0.822219476680569i,0.189042819368715+0.899588292606174i,0.576196197980712-0.494004117170134i,-0.743596999,-0.66657078,0.052410866
6657.371005,29444.90653,-0.650553744663301+0.453967426345283i,-0.21506572330029+0.933061312975574i,0.678613941953116+0.621809561461825i,-0.283667631232147-0.704639364058435i,-0.742947089,-0.66729371,0.052428318
7102.842445,29216.98647,-0.0227290313336247+0.794017086260615i,0.0820203126098563+0.953643924108104i,0.914973123980192+0.109880761213602i,-0.759073812205759+0.043450127000489i,-0.742297922,-0.668014386,0.052445922
13452.33501,29215.02044,0.625383098362872+0.491682912828773i,0.371147956128327+0.881824344646813i,0.808332451940615-0.444756903990822i,-0.201468303624688+0.733965149026655i,-0.741654863,-0.668714895,0.052616103
21717.32607,28756.53921,0.768549300006073-0.210282762029057i,0.624211665154247+0.724447360614855i,0.397525802470838-0.833652143767137i,0.632076230244674+0.425512558852402i,-0.74102338,-0.669376271,0.053101394
26086.46857,28344.9549,0.288739224044751-0.744075666937104i,0.816540883614739+0.496717371207903i,-0.163850225911154-0.909801428319244i,0.6053626903965-0.464146414224931i,-0.740392199,-0.670035862,0.053584843
25584.58322,28042.09078,-0.427124393807948-0.675840530029003i,0.929328343980177+0.220746232743474i,-0.664722386709136-0.643476819252723i,-0.247749554631822-0.722363861412483i,-0.739761321,-0.670693671,0.054066521
24069.25769,27838.01921,-0.798704001796702-0.0585625847948047i,0.951495794298798-0.0765857780949863i,-0.91595621599953-0.134114691635176i,-0.764448559722945+0.00544731430965631i,-0.739130751,-0.671349703,0.054546404
24697.94988,27769.06269,-0.522719446814329+0.608447243293825i,0.880808965564684-0.366249369747391i,-0.822006247198061+0.426601099948168i,-0.237572555848172+0.72737145491677i,-0.738491338,-0.672022173,0.05492489
24805.06965,27558.07042,0.179025515031493+0.783161232752322i,0.724126647352731-0.619910050439133i,-0.417566993151499+0.826852197334656i,0.615126665287817+0.456128201756506i,-0.737809698,-0.672777617,0.054837292
19444.74815,27428.08668,0.737362002000337+0.321616455163937i,0.496754018824079-0.812716092914045i,0.144961439755613+0.914883853651207i,0.627670406679535-0.439501698706352i,-0.737128849,-0.673530593,0.054750342
10632.49972,27692.61866,0.697399191381083-0.402818098372575i,0.220959410730383-0.925753966700629i,0.652790247461214+0.656858186126581i,-0.218813538055806-0.734626517442787i,-0.736448792,-0.674281113,0.054664039
4901.30854,27870.88542,0.0897584958602922-0.80108805781083i,-0.0762025114566516-0.947925925581066i,0.913338608405201+0.150184623363396i,-0.766211961481395-0.0240394833640151i,-0.735769529,-0.675029186,0.054578378
5556.831755,27468.69172,-0.592066682966229-0.547772910485035i,-0.365548082829016-0.877060679758897i,0.82755041220952-0.413048462623388i,-0.264001240358275+0.71951574467843i,-0.735091544,-0.675774149,0.054495154
8464.640457,27442.91767,-0.792358973904108+0.152135791201828i,-0.618640316155744-0.720143701915346i,0.42791287901193-0.818901353099903i,0.599744837994783+0.476494990745447i,-0.734431731,-0.676492644,0.054476918
8399.657978,27706.39272,-0.346822423347027+0.728430285143538i,-0.810597712392407-0.492641189193572i,-0.133551597343546-0.913064718521795i,0.639988224889216-0.419604911698024i,-0.733772706,-0.677208855,0.054458996
5707.869787,27790.83387,0.381592654734965+0.710426657610814i,-0.922556548292003-0.216982233290804i,-0.643001343624648-0.659884695761356i,-0.197890839648156-0.738207591491816i,-0.733114469,-0.677922791,0.054441389
4673.765876,27608.26588,0.797856148408899+0.112451293875801i,-0.943540710568104+0.0796518282767239i,-0.906334999098426-0.156222588918371i,-0.761766708350154-0.0425516728052816i,-0.73245702,-0.678634462,0.054424093
6913.959377,27211.72161,0.561523482181003-0.576431806198538i,-0.871551748207675+0.368012185696593i,-0.823449236920848+0.405371069195082i,-0.277262843650356+0.709037632412236i,-0.73180036,-0.679343875,0.054407108
9397.468776,26970.42419,-0.133484580248429-0.792200795255141i,-0.713769435237535+0.619674862598556i,-0.426676002676002+0.810253809112363i,0.586184132407037+0.482731675299517i,-0.731102491,-0.68009183,0.05444493
8878.342087,26668.57093,-0.716958435237824-0.358676112509655i,-0.485841953215515+0.809852797164807i,0.131498308513313+0.903935600636674i,0.638803339542427-0.406370891154816i,-0.730399706,-0.680842911,0.054490363
6049.935874,25754.16093,-0.710399008770494+0.367101815019854i,-0.210335833016063+0.919847699512362i,0.636883252328864+0.651382185730754i,-0.188255392749298-0.730673560017311i,-0.729697847,-0.681591444,0.05453582
5746.99899,24668.3095,-0.120817070324436+0.78809071427974i,0.0855001779374179+0.938897600602782i,0.895850486756608+0.150486662901799i,-0.750266361705198-0.0460529611377259i,-0.728996915,-0.682337438,0.054581303
10646.26114,24463.13933,0.564786407505643+0.55900835746599i,0.372434634238609+0.865236439880783i,0.809788933436621-0.405601503529688i,-0.273328381975175+0.696867853672411i,-0.728296908,-0.683080907,0.054626811
17269.23024,24753.56472,0.78119151054329-0.128792071409207i,0.622147498445088+0.706260854971586i,0.413021796301231-0.802882042191114i,0.576977142558076+0.471597319086049i,-0.727580513,-0.683838495,0.054694688
20945.52655,24219.87643,0.352000135579053-0.705659577170399i,0.81003095096807+0.477788547027628i,-0.140521127800048-0.888998588771552i,0.622287068636365-0.403424465023221i,-0.726858664,-0.684599625,0.054770764
20728.28464,23402.91305,-0.36473332782301-0.695372166311842i,0.917618810697222+0.202483180607789i,-0.636812408584018-0.63196599262801i,-0.19388499455764-0.71193894453429i,-0.726137807,-0.685358099,0.054846713
19567.94703,22701.20685,-0.773960754250193-0.109733941864165i,0.934404053447819-0.0923963818795104i,-0.884470193137254-0.132388159699702i,-0.733331085178537-0.0310246666692286i,-0.725417942,-0.68611393,0.054922534
19704.09381,22183.56527,-0.538062950704014+0.562026259358027i,0.858865394817327-0.377697901396069i,-0.788737856119546+0.415615494268619i,-0.249847509903969+0.68593015244112i,-0.72469907,-0.686867129,0.054998229
19774.45062,22184.19602,0.142860745662609+0.761068810724874i,0.698603004185553-0.625259868858138i,-0.388034367665619+0.799686627437197i,0.575668730885941+0.442359866466344i,-0.723952264,-0.687627779,0.055327726
15539.97509,22012.93596,0.698893354695078+0.324701844969191i,0.469572129750939-0.810691906779277i,0.161122978325153+0.871550020253758i,0.591413998865769-0.414116249476876i,-0.723185234,-0.688393129,0.05583921
8337.973814,21869.80578,0.666885736595133-0.378773715652928i,0.194492831381802-0.915776749916191i,0.645004009919155+0.604443442031735i,-0.217167667155792-0.684387224834899i,-0.722418867,-0.689155897,0.056348293
3683.630146,21248.05589,0.0774797901651385-0.759389873394733i,-0.0994047642147358-0.930257546938635i,0.875738738485693+0.103342893618744i,-0.714130021066998+0.0034108117755196i,-0.721653168,-0.689916093,0.056854988
4153.613798,20138.12609,-0.571850687354087-0.500346611344324i,-0.383075255551671-0.852835858160926i,0.764305153301155-0.436008767556925i,-0.207651683468182+0.679365177694678i,-0.720888144,-0.690673725,0.057359305
6253.448285,19609.13292,-0.735564558571118+0.176809199290585i,-0.628525874700143-0.691284260338194i,0.355046367686742-0.803355190236968i,0.584546774126917+0.397355045163678i,-0.72012032,-0.691450333,0.05764687
6150.943189,19228.9705,-0.278898354861061+0.699865443050705i,-0.811574615179494-0.461665028366711i,-0.191726024300227-0.855802523495679i,0.549450224639444-0.439235410712942i,-0.719348928,-0.692252489,0.057650776
4160.121066,18538.91501,0.409641464921745+0.628832101992933i,-0.914227611051172-0.186734260797709i,-0.662286336436619-0.573442832110704i,-0.25708104013139-0.651389766501539i,-0.718578696,-0.693051635,0.057654918
3533.324402,18026.86449,0.747354529614901+0.026904168050953i,-0.926443226569519+0.106309569952673i,-0.872855950050161-0.0670478636298437i,-0.695241712343205+0.054525754388249i,-0.717809625,-0.693847785,0.057659294
5306.540869,17478.66353,0.45030052252945-0.594068935898471i,-0.847111272602261+0.388510044805271i,-0.741292259179343+0.465185575216817i,-0.150652899790051+0.678188768486178i,-0.717041715,-0.694640953,0.057663902
6716.963559,17175.37731,-0.226929289546432-0.70782419766442i,-0.68415313390314+0.632006053372468i,-0.319149108780462+0.815000023618148i,0.602603562265028+0.34083945840373i,-0.71627255,-0.695423614,0.057789547
5525.266078,16990.63697,-0.70806690376563-0.219906939987053i,-0.453734731032656+0.812774103938084i,0.228419437382568+0.845398288798522i,0.500009212230967-0.475719026969083i,-0.715498198,-0.696184281,0.058221788
3691.996024,16843.67231,-0.584976992938239+0.452856261427254i,-0.178670752098599+0.912991534711664i,0.687109018874669+0.544197487889191i,-0.308935653835603-0.614991211375464i,-0.714724713,-0.69694227,0.058652001
4132.911584,16520.4375,0.0356346897133508+0.737480661214914i,0.113822872580087+0.922790024808523i,0.877155615269449+0.0288947566985045i,-0.676483754911643+0.11682550353637i,-0.713952099,-0.697697592,0.059080199
7893.04086,16242.66845,0.623747785419481+0.392702964540462i,0.394808212413967+0.841228509246052i,0.723621427110061-0.499101369258264i,-0.084092181278242+0.679756775113841i,-0.713180361,-0.698450258,0.059506391
12254.67182,16328.29474,0.678133408524128-0.285898053741185i,0.636474611042068+0.676390613400682i,0.285825886471354-0.833063843063273i,0.624993457365087+0.276716219606525i,-0.712403197,-0.699209146,0.059902048
14161.36564,16787.88697,0.153732310487726-0.718624753280897i,0.814879961711309+0.444596697340583i,-0.265616867929142-0.841724140518827i,0.444771571219907-0.517244033920956i,-0.711585985,-0.700022987,0.060109929
13958.96705,17059.15758,-0.500476654113093-0.536734232514914i,0.91231635726371+0.168806409404851i,-0.715260052452324-0.520702980072949i,-0.365988859380476-0.574155086798524i,-0.710770075,-0.700833627,0.060316898
13814.21579,17016.43344,-0.725562740225559+0.102964682386818i,0.919068582471978-0.1236338638201i,-0.88690396162381+0.00552454084544859i,-0.654111997633096+0.184335729703916i,-0.709955467,-0.701641081,0.060522961
14359.22947,16815.47154,-0.330369855709619+0.652904391633885i,0.834392237267009-0.403680526161744i,-0.712500076660696+0.531972458630259i,-0.0120932546830482+0.678142233237691i,-0.709142161,-0.702445364,0.060728123
13810.06448,16481.38332,0.345746162960369+0.643511052600418i,0.666613305433321-0.643458194371086i,-0.258960586010223+0.853007778787284i,0.644551452496001+0.20649982812763i,-0.708330159,-0.703246493,0.060932391
9987.336353,16170.33448,0.724213844601854+0.0845614654258914i,0.432335649882865-0.819021834829727i,0.297660056747707+0.842617594275768i,0.382361149729115-0.556588015704952i,-0.707460328,-0.704083876,0.061365953
4936.362734,16156.59612,0.482697732433458-0.544378430080515i,0.154829262021824-0.912744988134358i,0.740625217278592+0.503756194199763i,-0.42214295001216-0.524865646652423i,-0.706590738,-0.704918553,0.061800991
2805.06506,16011.02208,-0.169910822579748-0.705594984849712i,-0.13824801685607-0.91509797867598i,0.896976351038154-0.0325363769397727i,-0.622198710135846+0.253032157656962i,-0.70572237,-0.705749887,0.062233703
3793.667836,15475.51906,-0.674056943863337-0.263489405657646i,-0.41757672820501-0.825637418295103i,0.705064988339153-0.557984939237502i,0.0639237806070312+0.666553678846415i,-0.704855228,-0.706577892,0.062664103
5139.501854,15079.85782,-0.599722853992844+0.401006671339426i,-0.65508592459988-0.653103394881042i,0.238779306314469-0.868140165404304i,0.654768818733307+0.128987205865365i,-0.703989316,-0.707402585,0.063092206
4545.79692,14806.05252,-0.0138104679090541+0.718774021942776i,-0.826762540190979-0.414606584686247i,-0.321055469902303-0.842068728846506i,0.309426419928607-0.588529525272004i,-0.703137506,-0.708243964,0.063151679
3286.393634,14526.64462,0.579686245264649+0.420510146816627i,-0.915081914285709-0.133976153639154i,-0.757020850497221-0.489574397627303i,-0.474122066965142-0.462465363583604i,-0.702289717,-0.709085781,0.063138799
3494.480652,14714.27651,0.673514267447916-0.234540588600247i,-0.910814890868275+0.160577650755905i,-0.899796499035775+0.052523292791908i,-0.575784847279465+0.321774399427486i,-0.701443422,-0.709924077,0.063126309
5106.737569,15210.70724,0.191280998953429-0.683807438183826i,-0.814024651444407+0.43926287136337i,-0.694155902339938+0.5736626303959i,0.144663770255254+0.640658752360219i,-0.700598619,-0.710758875,0.063114151
6001.896019,15518.76284,-0.450152971899763-0.5449276222278i,-0.634143350829852+0.673694882046445i,-0.220474336788108+0.871615371840532i,0.652576464167139+0.0422964750124132i,-0.69975531,-0.711590193,0.063102323
4561.560758,15260.90009,-0.701074786245348+0.058386507160424i,-0.389107747937288+0.839779490761837i,0.336694850982746+0.831324829560778i,0.223761839961-0.611466869290199i,-0.698856857,-0.712458163,0.063264991
3127.198411,14959.75462,-0.350364938193201+0.606215792619157i,-0.103626047815657+0.920199687695236i,0.760731579830975+0.469684084709512i,-0.52153264920593-0.385225453417303i,-0.697934134,-0.713340642,0.063506485
4812.276553,14956.30236,0.2966863290261+0.630597684123799i,0.193263829267312+0.906249546335727i,0.88756122618259-0.0712842734232597i,-0.514140129118706+0.39074357424478i,-0.697013144,-0.714219178,0.063746706
9027.329641,14567.70817,0.684055943168574+0.11542009726419i,0.471110095505104+0.798818938960226i,0.669641517641729-0.580199769946687i,0.230065901085715+0.600812415756698i,-0.696093888,-0.715093794,0.063985662
12074.22966,14341.38374,0.482835322607754-0.493877954071505i,0.70114983382858+0.608413980989809i,0.194234879905711-0.859200977387088i,0.639022158372742-0.0525186846385527i,-0.695176366,-0.71596451,0.064223362
12622.20425,14268.92468,-0.12964207662254-0.675486722840652i,0.859286009277987+0.354193095056468i,-0.351215943766313-0.801406071442103i,0.127853110376988-0.626354618758495i,-0.694249699,-0.716841961,0.064458975
12038.88156,14071.48753,-0.626211277682448-0.277962356246754i,0.928631574044413+0.0620982675478497i,-0.753009103007455-0.432510241781728i,-0.564258583712173-0.297011255869522i,-0.693315433,-0.717724583,0.06469261
12356.03233,13858.43214,-0.583648007806987+0.354024989982564i,0.90135028861056-0.237744403562329i,-0.855306291520255+0.099862566416278i,-0.441903840194242+0.457859574402548i,-0.692382982,-0.718603195,0.064924995
12731.39698,13703.8021,-0.0429349372383243+0.678919709793362i,0.77958945995109-0.514101175505222i,-0.62128057686787+0.584865750273773i,0.315561796343772+0.551351551612423i,-0.691452346,-0.719477818,0.06515614
10793.90749,13569.38493,0.530488037169173+0.422262642716672i,0.57538853337276-0.737874489053054i,-0.147115234442178+0.832010735516156i,0.616813565419321-0.14846850668411i,-0.690523524,-0.720348476,0.065386054
6810.675361,13495.00591,0.647882716078267-0.192272878929445i,0.309551113959908-0.885178876325923i,0.376718983641039+0.746532820194093i,0.0303569255586817-0.633010378466036i,-0.689574132,-0.721237743,0.065602097
3211.808533,13420.55961,0.213479829018963-0.638798587703344i,0.0095763443619383-0.93992224495848i,0.741583267655495+0.366612727011087i,-0.59837664627342-0.206771795398623i,-0.688591362,-0.722158353,0.065797029
2257.998864,13220.33289,-0.398688651434002-0.539780941898896i,-0.293152558666783-0.895609114360637i,0.803940009315219-0.152414323883831i,-0.366556133043533+0.515307354253671i,-0.687610672,-0.723074523,0.065990895
3809.751,12854.54974,-0.668091515308124+0.0153192072320777i,-0.566640468304768-0.756157207975492i,0.542551586720431-0.600663620365862i,0.390151418073644+0.496501732127465i,-0.68663206,-0.723986279,0.066183702
4642.578021,12540.71631,-0.370803848038668+0.552038955854565i,-0.781674021243735-0.535618502833741i,0.0666443303769119-0.798187952957461i,0.58553001402976-0.232905108574569i,-0.685655525,-0.724893647,0.066375458
3739.448023,12433.31105,0.235247735888656+0.617871821379189i,-0.914975151679485-0.256810697887222i,-0.428414913371555-0.667508316952697i,-0.0565697391737394-0.625751498714858i,-0.684671066,-0.725800742,0.066624423
2889.647376,12408.73657,0.635634568061584+0.164179375975001i,-0.951768878259643+0.0510167742194337i,-0.740324921774055-0.264928041262412i,-0.61335310198263-0.123832795260229i,-0.683656673,-0.726716504,0.067057266
3664.964695,12524.25756,0.497614348053876-0.419626564803642i,-0.887474144570038+0.355249436225944i,-0.742151556383561+0.242257713055044i,-0.292547767292968+0.549184943242056i,-0.682644226,-0.727627873,0.067487332
5078.137199,12739.19545,-0.053055299045987-0.642110133445868i,-0.728314877269417+0.623387735852368i,-0.434403895761555+0.643814504993341i,0.438924545869852+0.434584340286828i,-0.681633728,-0.728534874,0.067914642
4800.887918,12718.22318,-0.547185642741135-0.325120188501676i,-0.490762291246712+0.826566778235594i,0.0545414426911674+0.772626859270649i,0.537271626518123-0.292728745177668i,-0.680625181,-0.729437533,0.068339218
3291.049998,12399.70433,-0.573877582686315+0.253551610077662i,-0.199847061070422+0.942728214554034i,0.52038236157063+0.573879070611177i,-0.124342508351757-0.591682133002149i,-0.67961531,-0.73033918,0.068758363
2982.500028,12150.32789,-0.123950275757533+0.604374156774912i,0.113492646790719+0.959085828020303i,0.766619675649579+0.128878641345644i,-0.593714133450701-0.0502869301539651i,-0.678574135,-0.731269994,0.069147224
5553.320934,11952.24097,0.412934754777046+0.442345820128752i,0.415748726767737+0.873597129265564i,0.686223930418866-0.376888645967992i,-0.214754940070395+0.544643327856766i,-0.677535143,-0.732196161,0.069533523
9016.157667,11789.13172,0.586559698359519-0.079646843611862i,0.67450354985956+0.695259117133759i,0.307671123702547-0.729270969197076i,0.451011792920122+0.354088899276373i,-0.676498336,-0.733117709,0.06991728
10563.87797,11620.94096,0.266123223914203-0.512472003157753i,0.862005617137298+0.443176289662649i,-0.214257349515208-0.774271491524024i,0.456515154780168-0.323814242380227i,-0.675463713,-0.734034666,0.070298516
10092.5699,11387.82249,-0.259869294359472-0.498069949229806i,0.958253897391281+0.144488651095342i,-0.660269806206041-0.483850965847568i,-0.177055309016946-0.514825633826037i,-0.674431276,-0.73494706,0.07067725
9872.608226,11105.19098,-0.540843261741161-0.0685342975903259i,0.953232843474401-0.168619301311719i,-0.8366694671072+0.0289700876614682i,-0.527105765639067+0.0258674695463987i,-0.673340812,-0.735922599,0.070923052
10210.0144,10946.9079,-0.351188107183662+0.394149868873228i,0.848031944462225-0.462496884817071i,-0.657276280838027+0.553225999763792i,-0.115525646902044+0.496675085267342i,-0.672249199,-0.736897153,0.071158979
9275.402064,10871.64894,0.125160301145629+0.49487630156506i,0.654709246578862-0.705786859234477i,-0.183101144620597+0.865120404891917i,0.431220797055816+0.235663594700979i,-0.671160267,-0.737866442,0.071393342
6351.960363,10814.97982,0.46526946919828+0.164336339934974i,0.394903457093694-0.87293272585179i,0.397854338277859+0.821218832073631i,0.327191091042492-0.341251957236424i,-0.670074013,-0.738830502,0.071626156
3081.300867,10662.1081,0.379247177794781-0.29044566835817i,0.0973469799196277-0.94702365345063i,0.844202136947821+0.421502968960055i,-0.238140350576101-0.38743005652146i,-0.668990433,-0.739789369,0.071857434
1993.359555,10317.89002,-0.0402394305587397-0.462568805128533i,-0.205435449481201-0.921640383518224i,0.959579135409341-0.184703969954376i,-0.418055485458526+0.132114314610274i,-0.66785791,-0.740784108,0.072143724
2829.445293,10097.22389,-0.405773313137833-0.205258354837972i,-0.480857593821292-0.801480891986411i,0.676195197378165-0.754338205320336i,0.0306085296691512+0.423919595577096i,-0.66671468,-0.741784049,0.072442806
3597.262337,10120.27137,-0.382125573958206+0.238933503785084i,-0.69999197026745-0.601688760943903i,0.0886552101622635-1.04705268971053i,0.411248437245018+0.0626691290424645i,-0.665574378,-0.742778353,0.07273972
3203.782811,9968.894735,0.0111232500839683+0.453999445710353i,-0.84083733835635-0.345962857847031i,-0.577620806125864-0.924462784757673i,0.147714101704446-0.385587916933949i,-0.664437,-0.743767059,0.073034487
2515.166715,9690.9488,0.409035893709717+0.225817939323444i,-0.890743268729316-0.0636748531662254i,-1.05287992906455-0.411690900056658i,-0.34996704486189-0.227191109882365i,-0.663302543,-0.744750206,0.073327125
2691.095907,9570.019418,0.422728870842523-0.251774131419861i,-0.847702259979899+0.213657301488843i,-1.13119422106547+0.305297194987994i,-0.304554837668093+0.303748610014731i,-0.662108701,-0.745770861,0.073742061
3700.251261,9415.074103,-0.000847941473533246-0.53041554561238i,-0.720357105035628+0.456112194312027i,-0.757120249092994+0.947876312124352i,0.242539819071588+0.381701850457086i,-0.660883241,-0.746809438,0.074222672
3709.464985,9128.833785,-0.499348573652193-0.303141427177021i,-0.526728192149924+0.638869190460215i,-0.0549321648031668+1.25325146858459i,0.456688689628-0.15934528310394i,-0.6596609,-0.747841896,0.074699369
2695.958304,8952.663887,-0.586199992682433+0.292539368861504i,-0.291822509545225+0.745048422628582i,0.713483222858734+1.0808793996625i,-0.0468896423670445-0.522116952654873i,-0.65844168,-0.748868277,0.07517219
2147.694925,8847.348163,-0.0864199422978777+0.740769979705305i,-0.0444234284021124+0.767543098157101i,1.24765450817068+0.47386673432587i,-0.564733815125599-0.0992385724097439i,-0.657225581,-0.749888625,0.075641169
3523.185274,8815.978922,0.650817687402833+0.561726594845814i,0.18653960786409+0.709625665566103i,1.32666617453809-0.35089376742131i,-0.277212332534503+0.566621193314796i,-0.655985213,-0.750927227,0.076103226
5893.871811,8700.18983,0.972153024669902-0.244642873752709i,0.375592282760761+0.584261262468844i,0.899696954742395-1.08229998575188i,0.508068528001311+0.476105378092609i,-0.654720085,-0.751984342,0.07655821
7425.336255,8751.538731,0.439960506514245-1.09805300392272i,0.503844437282632+0.412221258752934i,0.111823200519164-1.43476695950178i,0.674312445285716-0.371886824071067i,-0.653458429,-0.753034956,0.077009329
7519.612006,8809.781436,-0.736829365777183-1.20860054089649i,0.561265173963898+0.219236260012099i,-0.747292060277478-1.26151936515817i,-0.148587599729891-0.839885107259209i,-0.652200243,-0.754079117,0.077456619
7518.954673,8725.247467,-1.71445392793932-0.187310179358855i,0.547830474260763+0.0325430219438892i,-1.35374459295604-0.615950924678238i,-0.933134469164037-0.158407736190747i,-0.650945526,-0.755116874,0.07790012
7825.166004,8510.479586,-1.51374512516335+1.53278458446829i,0.473410559227378-0.122751105515407i,-1.47649975832824+0.265191912492878i,-0.528471923970841+0.911450294890595i,-0.649662687,-0.756181039,0.07828556
7411.214337,8438.801233,0.297332117620279+2.77407668623679i,0.356419178935036-0.2270477809458i,-1.0708409448907+1.05277797926842i,0.735822825016776+0.921225537301743i,-0.648323701,-0.757300458,0.078564595
5428.43214,8356.306325,3.16591204608892+2.13862856173083i,0.221396043226521-0.26898394609059i,-0.299204236497713+1.45680881252378i,1.27617714996367-0.378095613634301i,-0.646989035,-0.758412332,0.078841129
2967.334861,8232.695966,5.56020943207163-1.45769462942008i,0.0958175440638055-0.247198936475142i,0.532603096866468+1.34769639746019i,0.17242505016334-1.51415057757319i,-0.645658678,-0.759516727,0.079115188
1576.136058,8170.380583,4.94200783978514-9.18624397081754i,0.00651386414521661-0.170967636867855i,1.104019965138+0.818834564231578i,-1.5383588557093-0.904761346981198i,-0.644332622,-0.760613705,0.0793868
2142.436888,8085.823929,-7.40658328095997-32.9071586725599i,-0.0238985202274085-0.0596812301393628i,1.23068278970781+0.163587525726608i,-1.78693332961357+1.22846639850004i,-0.642998129,-0.761709367,0.079700976
3135.199401,8098.156991,44.5734979495724+8.1549419939049i,0.0198131616544761+0.0586749236236301i,0.997633515532394-0.226449631249052i,0.404651321732831+2.7769217718373i,-0.641615422,-0.762822459,0.080196925
2964.343646,8056.021692,17.6102436027274-9.00458265986958i,0.143020674097653+0.149724012701147i,0.905339146003008+0.00298808280275355i,3.8668311596208+1.34883485486247i,-0.640237,-0.763927992,0.080688332
2307.696878,7990.778295,7.49385320125129-19.6571249119012i,0.339594258585959+0.175069476158435i,2.67007763614135+1.12855787057297i,5.98623208293842-5.36350180603741i,-0.638862861,-0.765026049,0.081175049
2430.863604,7958.323589,1088.74203971145+2896.8921782559i,0.591005672337603+0.0940573715515926i,-1209.13981009108-134.482527841529i,370.978657226764+1814.48392405265i,-0.637493002,-0.766116692,0.081657126
3221.264831,7955.195098,8.00659869865202+4.43168874139467i,0.865670340724513-0.136394149692389i,-7.38526792440194+2.90192990267454i,7.5355314410904+2.74432828131729i,-0.636123341,-0.767202732,0.082140511
3217.287325,7759.328907,3.28644175460223-0.612205305860448i,1.11711440953731-0.566721689284301i,-3.3432208137795+4.38419256255948i,3.32438141504517-2.54640119167454i,-0.634673655,-0.76833804,0.082740608
2205.522711,7583.647566,1.08417447242733-1.26684476898401i,1.27683929475394-1.27229342674343i,-0.394239045465201+4.81387349830119i,-0.227481703518326-2.99694523610459i,-0.633228523,-0.769465388,0.083334593
1758.172063,7249.879056,0.0322530736452635-0.926130167830931i,1.22681665293538-2.41290679461405i,2.21317397630212+4.04449456255609i,-2.19509716679994-1.21401557322667i,-0.631787944,-0.770584844,0.083922535
3139.704999,7104.712356,-0.30174377739957-0.409257433826025i,0.67241539811196-4.4901497852319i,4.09291964409528+2.13248498733035i,-2.04052434080642+1.07968375698934i,-0.63035192,-0.771696473,0.0845045
5040.884667,7104,0,0,0,0,-0.628920448,-0.772800342,0.085080556
