Y,cos_delta_2,cos_delta_1Minus2,sin_delta_1Minus2,cos_delta_1Plus2,sin_delta_1Plus2,cos_delta_1,sin_delta_1
-0,0,0,0,0,0,0,0
-0.00482455341970872,-0.628179032371047,2.14165021592012,-2.78293169122782,14.1988953666736,-6.86850479131955,-8.41624893340908,-6.75141131932151
-0.12411386986456,0.0888812686040077,-0.366559813755074,-12.5236369050326,19.1097704007632,-40.9598682937473,-31.9325714572351,-17.7981706176614
-0.971944037826484,-0.704646861458096,7.71963911864685,-2.81761658717948,21.0906456345095,-1.82621145197908,-3.63722365048805,-8.56899248714347
-4.14465466465187,0.450247704049978,2.42046466749871,-3.29834437730096,4.1492687127417,-6.3149672547653,-3.28594619252904,-4.1667580589186
-37.0611881424053,0.832514298940338,-0.0709917136572386,-2.93698835675405,-1.64487053140001,-3.62252553217344,-2.95427800057315,-0.818180651156606
8.80225403762032,1.05555162139224,-1.47330724425408,-1.86865909448054,-2.39640827137249,-0.395414957789362,-1.84122001654709,0.721044573525337
4.46607169569485,1.15260597540799,-1.9622698993958,-0.555746690172608,-1.1934752577995,1.13424867684569,-0.784756610686661,1.15448639960846
3.56248481737871,1.13612266288275,-1.70302520667694,0.597723424384346,0.0763040030277231,1.25504334413865,-0.0440276758904323,1.10022292255914
3.83681369133476,1.01975015871882,-0.961818924442048,1.31668690046315,0.877309165861319,0.655465123199099,0.489173906857688,0.855091348856498
2.6541930664982,0.821276678271074,-0.0566179739709764,1.49364337629944,1.01390120998812,-0.288334352084743,0.878968734295409,0.410422891576462
1.22099870001074,0.562349813162712,0.720761819962035,1.18321446082861,0.324543395797965,-1.01521696896736,0.97003600598096,-0.244138460745744
0.198343901584481,0.267237416330674,1.16925796860712,0.558472333153037,-0.728195470736842,-0.81613555216391,0.575986820467066,-0.870923258843378
0.534264235921026,-0.0387684951338394,1.21151410889325,-0.154007794392238,-1.0912707337988,0.258626950636301,-0.21070236782326,-1.0660736290466
1.73446006859475,-0.331038872409412,0.891453104321981,-0.74058545142456,-0.270413828374852,1.11008456186278,-0.944357290792555,-0.605223580271219
2.61054734937204,-0.587218592948195,0.343224703165788,-1.05220216307806,0.886920470615389,0.739802639867531,-1.11041179032625,0.287098459604123
2.77249055696215,-0.788638718335339,-0.255992091038071,-1.03193688782378,1.05381452423894,-0.481852625017202,-0.540547346021008,1.0289881776069
2.3890213907538,-0.921438652036685,-0.735787636148627,-0.716666517739731,0.0141919775319812,-1.15468305796307,0.40877680477009,1.09474232985264
1.98116608517513,-0.977334469306121,-0.973703929574851,-0.216923553874049,-1.02999458630121,-0.49833834966172,1.08853621703034,0.420099962817818
2.21415152627245,-0.953996213276102,-0.920542520567772,0.317514242028143,-0.875514983741424,0.711895874312431,1.02810236215623,-0.53355947591264
2.47178029911047,-0.855022452054027,-0.606680020225634,0.73754222722941,0.268528633134222,1.07570800298372,0.277278665792484,-1.11044769661414
1.97302595319974,-0.689524442365527,-0.129873255331024,0.931660421816559,1.0658406414397,0.210545304027015,-0.638062167766103,-0.928869057831279
0.933236782051634,-0.471354336240283,0.371974767591543,0.852576336715741,0.632143854385206,-0.854391478559349,-1.09830042271445,-0.13680446280957
0.128511139209015,-0.218031515334671,0.757089297169094,0.528013698985223,-0.488188011473086,-0.917196934546053,-0.816849217305105,0.71487327061106
0.443484259838664,0.0505621320798549,0.917161743456719,0.0530257610804075,-1.01520947963246,0.0422206091256898,-0.0121498445818754,1.06413327923017
1.58680756791615,0.313633876479438,0.806860745016362,-0.435150278170166,-0.39544320312115,0.91292099249724,0.768029487862082,0.707105391881264
2.95472964713,0.550985348758505,0.457519026160513,-0.794357947107305,0.635742468930297,0.740726721219588,1.02130791530048,-0.094089757612076
3.15623841998198,0.744473220086479,-0.0298184392809218,-0.917739700581069,0.929385184056717,-0.241904780250288,0.606762786163772,-0.807218784345085
2.68306427133562,0.879327908226576,-0.511592731194521,-0.765800489061086,0.189407211407854,-0.928711063877704,-0.187108489616342,-0.979251637890397
2.3497697732773,0.94523922792939,-0.84276860056835,-0.380322914011072,-0.743022924373863,-0.573579325040395,-0.842178032589434,-0.515064636397984
2.61567082849276,0.937130294463378,-0.920385274592459,0.125390577684359,-0.836768986166034,0.412053398316654,-0.94099379841597,0.275371205557189
2.90698522953377,0.855559284138036,-0.716396468992243,0.598591918782465,0.00268930943271872,0.929735653914197,-0.42593572865611,0.878713208974199
2.41352276434148,0.70671224818383,-0.288833143141752,0.892874789615221,0.836755600165957,0.404253879777919,0.366262645782269,0.903515548034986
1.33446754179643,0.501977913449589,0.23352010583945,0.913961916449498,0.729646373015674,-0.578041302522516,0.917103329286704,0.331691124883142
0.330845079277813,0.257125590749311,0.689425743669481,0.650834948247566,-0.205328234017899,-0.911070629625671,0.860111095156697,-0.463175901768256
0.250021933722555,-0.00886220342441834,0.935200819002407,0.18148434898659,-0.914445773848573,-0.208424037868726,0.226460030906491,-0.952796224803317
1.28724579824783,-0.275222477390343,0.890712483047471,-0.349629182456884,-0.583183538746376,0.740119774749598,-0.564610034548236,-0.803529208767962
2.63227379441293,-0.521006275405989,0.566267801884007,-0.776087913532449,0.42237032290468,0.847128833230425,-0.978632035163892,-0.108300160747339
2.68802976989041,-0.726714811648478,0.0610555880024771,-0.962181914321489,0.950172583655326,-0.0225070387048661,-0.728707432321764,0.665103197451323
2.45528139270234,-0.875849451094622,-0.467086141209246,-0.846770898945569,0.383036274855631,-0.873208869943332,0.0203826464836475,0.987537970018364
2.18673960205706,-0.956250344974154,-0.851335069753022,-0.463860622675863,-0.631405920378257,-0.717312516655553,0.75730212689645,0.634312442595233
2.48472206767816,-0.961111679985401,-0.969141626890758,0.067205712984006,-0.917395412066379,0.271005450240519,0.974736296606767,-0.153883073530435
2.79426436408306,-0.889584617114166,-0.781807309097107,0.579155035882183,-0.139686861941685,0.946110394943684,0.522847420454183,-0.834278515663842
2.16386168493733,-0.746910504816753,-0.347404763505493,0.909918855359876,0.798797708840328,0.523357613175339,-0.285087007806568,-0.938872750167433
1.26505786749597,-0.544064413262003,0.197319009129051,0.954391319992563,0.808293348736095,-0.503901202374291,-0.891324357943763,-0.399578062281577
0.227870779840932,-0.296929346869569,0.680325249174082,0.698089010406652,-0.117345882289852,-0.941787237610591,-0.88192926554747,0.407458358950699
0.261353595737205,-0.0250611614746901,0.949008016395019,0.221852318315288,-0.89985198792977,-0.28817255955197,-0.270831793360558,0.926778997588221
1.563033285901,0.249860306597234,0.918677023388062,-0.323887352835243,-0.636928130809842,0.691466773339893,0.516502538747247,0.808177627968045
2.8367741056421,0.50577035898686,0.599301173879528,-0.766943831129726,0.356626579031606,0.864337667877019,0.941819838357824,0.14229862283553
3.23938560446065,0.722007325604043,0.0920849474139744,-0.96795009754938,0.928920756395407,0.0413749180344222,0.722663493577124,-0.610364844554944
2.85922294186197,0.881001689762719,-0.442849165932585,-0.864275681386215,0.42793067110655,-0.819843951460786,0.0178400977479514,-0.939466667888431
2.43861848482025,0.969725442741053,-0.837221933979617,-0.489444508031743,-0.558693211348434,-0.731100484136048,-0.689539486595439,-0.629755536706322
2.5834634184372,0.980779370693054,-0.967617688072668,0.0378873568835504,-0.894969329045519,0.195205257032327,-0.92323292499511,0.100927948646733
3.0391203776164,0.913025341759669,-0.794042862829411,0.551665366867645,-0.202188765541759,0.889912468829424,-0.532180471303394,0.755927530791253
2.87379825739078,0.771708196314443,-0.372035761999474,0.890797519016091,0.717896849741156,0.559203441192859,0.214283051410474,0.895884682837347
1.64447242724672,0.568054324661815,0.16523874573857,0.949611305850499,0.809513930168236,-0.411886956836915,0.811630299108265,0.430753923012664
0.40765731747387,0.318377779110314,0.649062129938636,0.710649990298799,-0.0295222485417391,-0.906983204092893,0.858662405632476,-0.32349974987379
0.174001373639712,0.0427660386726774,0.928087397814616,0.249715372219173,-0.834060281290515,-0.357712196596726,0.324783610016763,-0.857880463831875
1.08980354526174,-0.236547216430451,0.915554846048715,-0.288214676858175,-0.677783433516386,0.604837551247324,-0.429757386646282,-0.811133380881825
2.35710676527159,-0.496988754602088,0.616147490513467,-0.734519015549127,0.262253794294483,0.871406241130426,-0.894414504423711,-0.212931002698618
3.10458452475851,-0.71748332023347,0.124248247719004,-0.949651653252678,0.902892502109044,0.129989749511331,-0.751637214295248,0.533207433424624
2.67736347649124,-0.880170955355093,-0.405739435141188,-0.866640009637879,0.49926903307986,-0.766584552389632,-0.0942147111316134,0.919421435338535
2.36598421861151,-0.971863086278737,-0.807705131877106,-0.511880929587029,-0.48773192423636,-0.777429153793685,0.632462685473565,0.678120749881868
2.31720608833655,-0.985118070407015,-0.955736565995188,0.00318563419413388,-0.913263658960515,0.117698982669603,0.930019222671275,-0.031161404708459
2.55393486357174,-0.918848404165091,-0.803479378413707,0.516921524704543,-0.275572320627124,0.881807776008292,0.589071824679853,-0.724616321875183
2.40926299777074,-0.778410397686709,-0.39869582952001,0.868030757044409,0.688775934764323,0.620064002426258,-0.161383402817928,-0.923064016549289
1.343832164327,-0.575169587835255,0.131560615675592,0.946080301545658,0.852844878900108,-0.369374864469803,-0.805733236308373,-0.484267224243548
0.298882488898371,-0.325577973127315,0.620619056787303,0.726238622509218,0.0182459130501026,-0.931493759413065,-0.896024060573082,0.293090915482668
0.188720291072188,-0.0498388122627984,0.914415993533716,0.277309995698239,-0.84172118952839,-0.403672857690294,-0.36513641259919,0.871626542080209
1.37127774239598,0.229731968310654,0.919981960931346,-0.25958653803422,-0.717065941763667,0.599837079737775,0.421864062257558,0.847661986763338
2.77551001016034,0.490514411638606,0.634954968278798,-0.715177612580684,0.249657819383323,0.901812081960115,0.918671166122791,0.23467577948195
3.56086618372076,0.711416462459275,0.148715515339286,-0.94530238660432,0.924706888509119,0.145544086816539,0.778353455168966,-0.542953792999873
3.02130886508004,0.874580939046143,-0.385419565978666,-0.876568216177846,0.514555161024225,-0.7818448145117,0.0969852004241844,-0.944423990617513
2.59218100597408,0.966829724819621,-0.798387138009272,-0.529920579027198,-0.499188541213028,-0.791097172937354,-0.65202620536367,-0.689994854420789
2.67460726868201,0.980728830411293,-0.958866999572441,-0.0144919035638833,-0.925734993649562,0.127756040655534,-0.947902765297244,0.0434003958715717
2.90735607568084,0.915188711053512,-0.815154271655691,0.506565336138194,-0.265667830148349,0.894682090491619,-0.58557753479825,0.745714405346272
2.62526103886521,0.775551732467227,-0.412015594390179,0.867640385444856,0.703946199045762,0.610592969186996,0.182172813826986,0.92949304134751
1.73862215279694,0.573159953490698,0.123044165580464,0.953354605421684,0.84547484267976,-0.388107428796216,0.821852913828528,0.468594073589493
0.428986766008246,0.324438147460547,0.619977421575258,0.735590411927013,-0.0039886160002025,-0.928684682201849,0.890565516962893,-0.3157222807753
0.172394743739681,0.049565904060603,0.920227667476064,0.282908326595262,-0.845850301830053,-0.379611245100956,0.342470938173616,-0.879379255215597
1.02929008574974,-0.229154342437502,0.927428379302937,-0.260873264468384,-0.694257184281374,0.612284451837101,-0.441315609639317,-0.832961996395637
2.39000023986994,-0.489102036724814,0.638507320997798,-0.722304620710163,0.27010521986089,0.884075728344103,-0.917989361870949,-0.210189003584401
2.9948407362843,-0.709170651384488,0.145087039033498,-0.953679445938904,0.915638695419349,0.119398164439845,-0.758527595516146,0.556979780151325
2.49570367831542,-0.871479524207801,-0.395463165447881,-0.880451248466987,0.486760144640555,-0.783793349018935,-0.0741750263512018,0.937697656164105
2.19684325087788,-0.962827044349213,-0.81021118154608,-0.525412686255751,-0.512434564089509,-0.766715960190508,0.661181157342304,0.668829773073655
2.32615610505352,-0.975767338954913,-0.966070800097362,-0.00173524685514967,-0.909755394028226,0.150120832764595,0.938463411327519,-0.0635480007176115
2.72836718775803,-0.909222605466627,-0.812641440793584,0.523051945789205,-0.23864986212534,0.890813190500585,0.565128423308759,-0.752443911956253
2.30436980306453,-0.768580381258661,-0.398635985454201,0.880688405014464,0.713581112366631,0.584927912988784,-0.20104468985965,-0.920004477906773
1.28593081254096,-0.565266412411773,0.143500938079557,0.956225210390012,0.827513351142585,-0.409713771008491,-0.829054112022794,-0.448573231860055
0.268979846261713,-0.315826093572669,0.639949162436796,0.725085977327467,-0.0331077752127466,-0.923712936828536,-0.881845519781973,0.336121642252537
0.283612825522693,-0.0405873182669712,0.931291676607909,0.261156213905699,-0.85676959703984,-0.349699956971751,-0.320533235991802,0.888952741030828
1.39895476106847,0.237988211554759,0.923790337341235,-0.286786419049139,-0.671295712778639,0.638683409993275,0.46608474308981,0.823566919323153
2.79260358043361,0.49713240740683,0.619633654856772,-0.74278824770544,0.307964754662319,0.875231350878242,0.929849748005817,0.182929437512415
3.28463718009084,0.715628965816947,0.116370340552629,-0.960266732212347,0.925868013138703,0.0772464216334953,0.745158384979603,-0.587686619086481
2.86942597209421,0.875551032175652,-0.42434612496973,-0.869195063183743,0.449453523116505,-0.814513200496825,0.0384511739748483,-0.949517156468532
2.29033568545013,0.963736083679944,-0.828687254994831,-0.498715443173209,-0.560807715513682,-0.743644989875564,-0.697283518543388,-0.64735542723442
2.28312164951562,0.972876377597441,-0.966563373290781,0.0321350706531433,-0.908624598380603,0.209158628613723,-0.946165616085917,0.109416808888346
2.84077592514385,0.902133991446136,-0.793525643565535,0.552641974564054,-0.179119538906632,0.91585936261797,-0.531851610865003,0.791153516773385
2.79530138339382,0.757227813624399,-0.365150172433647,0.89530653730824,0.764325451588191,0.536552172937466,0.256565127377142,0.918790193747975
1.56080272297142,0.549982766775601,0.180758976288106,0.949764569603169,0.801248662863386,-0.480543366785474,0.865882133838922,0.401326125380144
0.354346894022341,0.297375592327062,0.668458253029017,0.698373240935431,-0.113836942399484,-0.927597138296973,0.867389903046571,-0.398576065164566
0.241489991715377,0.02015309247021,0.940821855268267,0.221986587693045,-0.894066237828386,-0.272321612409274,0.259286999624884,-0.918709263429377
1.35150050985016,-0.258865622964817,0.90997694429137,-0.32598153678423,-0.61134974191233,0.706789835790801,-0.531094493752146,-0.793011882978448
2.53799258870055,-0.516664593388342,0.585703507299268,-0.768905127732413,0.398353104596025,0.845048774375776,-0.947753172099132,-0.109784870980369
2.958243803026,-0.731930330160358,0.0724131686800318,-0.963852274122821,0.933569023313518,-0.0220323186957929,-0.697628029750127,0.650155923359564
2.68510015221861,-0.886818208400855,-0.464382099834665,-0.847731799322102,0.357478809872696,-0.862145011931074,0.0429157986953256,0.95207303988677
2.28209608756527,-0.968439123549634,-0.851372905661417,-0.457783599622444,-0.643473940624376,-0.675230511104241,0.752398572276183,0.583900470734243
2.40956435209716,-0.969941844401915,-0.963389656497729,0.0802588143156713,-0.87713418680803,0.315370873205085,0.931584462756556,-0.19461957560353
2.79663458262229,-0.891099240625202,-0.76393498651913,0.592605357610341,-0.0658523243009811,0.929132892975383,0.454918143179387,-0.835131038410219
2.3247673945426,-0.738347191173342,-0.317178563482194,0.913480848295549,0.822877267785152,0.435110817923762,-0.341374894715875,-0.886885234195976
0.98460612119242,-0.524270176366304,0.232558244916827,0.938770085445562,0.729683738649699,-0.576973881337324,-0.896276233854906,-0.313983896263027
0.153442286313484,-0.266573589562494,0.707315989801562,0.659883375741639,-0.233638779388108,-0.89985368899393,-0.819068980789687,0.479522335263361
0.439097917917463,0.0133741656374873,0.953062144253295,0.166804399120306,-0.917246001345369,-0.148627178374982,-0.164503431092635,0.934249823792346
1.81046637927297,0.292310327009671,0.889710227658194,-0.380799450262547,-0.505056530486726,0.7794777563153,0.605643179369564,0.729597395280988
2.95507383273305,0.547011045477815,0.53734174477781,-0.805183959930828,0.510369525491992,0.775601816864269,0.947846542866867,0.00998504539093562
3.28668304907931,0.756228539656274,0.0100059144419498,-0.968212808422517,0.915023579630782,-0.155733069844587,0.620272230157754,-0.716467810452825
2.83303604946021,0.902470165758552,-0.521051862317332,-0.816408984348639,0.224504906675399,-0.900388760481262,-0.145882883530601,-0.936197349095319
2.27427926666119,0.973469792530292,-0.88293249073396,-0.398653188524422,-0.73474727627962,-0.56647543844725,-0.80881402923654,-0.49330695504866
2.61036269338729,0.963226878194949,-0.957411412867561,0.14938173499534,-0.813101094612678,0.4464139274272,-0.898829484277929,0.299138092791272
3.10454067132987,0.87252428985913,-0.71969313462363,0.649169753877273,0.0840282586607372,0.923585181432638,-0.351458935770514,0.87961177381598
2.57030578921275,0.708879254512576,-0.246843785358837,0.937462176523767,0.880084293882922,0.291730246439035,0.445502183422725,0.835821201248954
1.15805284899812,0.485929277542483,0.307026465505787,0.919694616431271,0.61834767268442,-0.690485249309317,0.926038690119236,0.198158444954801
0.180127771550998,0.222302427001776,0.760901931055696,0.601170598255992,-0.386872737009445,-0.841878122170213,0.748006456294012,-0.58044146402569
0.48888471147118,-0.0599349623833774,0.966043090490531,0.0856808769788027,-0.925811854010548,0.0199972529873829,0.0375678270412113,-0.945751516598825
1.76855809874152,-0.337124081546852,0.854856173577953,-0.458173608189057,-0.349287538310531,0.856958451085031,-0.699349436480378,-0.637163555843422
2.77776112794289,-0.58599854455438,0.46334986281559,-0.852080639992377,0.647410883183439,0.660161409055463,-0.937163998261473,0.125477234505168
3.04895573915074,-0.785641620973179,-0.0803464518835778,-0.966547831225534,0.861853708825272,-0.332318575583044,-0.506121654094494,0.797830750570612
2.514396604374,-0.919250701905947,-0.597808113930679,-0.763628566219032,0.0361069133521795,-0.921890884589568,0.28565871186529,0.899703461179891
2.22329562892022,-0.97555954670971,-0.918869048234163,-0.309689683312679,-0.831244303206221,-0.397316738462968,0.87203413440641,0.358739430966705
2.4295885504841,-0.949797226018846,-0.937686823287872,0.246139264898986,-0.692411583813632,0.60557749712715,0.833980446208202,-0.437475916986935
2.40132223166358,-0.844101417288196,-0.647808204523448,0.720891366841556,0.282443800649617,0.873738996473149,0.19974436488978,-0.918965535917862
1.77349745943994,-0.667349578653065,-0.144557307151018,0.958032416123285,0.912540501856795,0.085050511145894,-0.575599745616025,-0.741827588240321
0.671860124051769,-0.434420660420445,0.406187827580751,0.879205271177171,0.437034858100807,-0.803431530848157,-0.93671690096672,-0.0344580572594386
0.10794726129777,-0.16494825122984,0.822643071679223,0.510296173267053,-0.565032588628991,-0.716651478674062,-0.626198096475618,0.695213117119209
0.937344023686455,0.118330702481068,0.967192629788647,-0.0269078472693242,-0.879222130582608,0.236705945559691,0.131538098451771,0.92456877771971
2.33874323595396,0.391492910156602,0.792008793729895,-0.554834957356695,-0.128016888675428,0.899331480159206,0.792275059612522,0.490950172001333
3.19778825212902,0.631449886461396,0.35504343103794,-0.898830042788098,0.774715867668631,0.470207519388418,0.882958913704612,-0.292730285585459
3.02671698381749,0.817902368597052,-0.199009806560978,-0.94502985222328,0.735068417118979,-0.526379741005226,0.340570757599972,-0.863669371717176
2.38192746461637,0.935062326766128,-0.686569437371243,-0.67819940175786,-0.194978001366902,-0.88067540604398,-0.44393334691878,-0.81334375696834
2.39978821331896,0.972996150909292,-0.946024284541663,-0.186907643652824,-0.88454695343276,-0.165899894491529,-0.907232388113673,-0.179902428064397
2.86184806097317,0.928474325635187,-0.891406962736001,0.365762173581633,-0.498424227232115,0.74702397094891,-0.71800495000644,0.580450342985534
2.85607803179445,0.805254447241141,-0.541021024585971,0.796312479997367,0.490970163902781,0.749782159210226,-0.0139284596581364,0.921687762032875
1.97458843677458,0.613772294550357,-0.0114438832293692,0.961801665463403,0.880517625746735,-0.157896686476018,0.698128499007981,0.599861329943308
0.604564658970258,0.370265797304518,0.521170191731475,0.807408661096652,0.19881980838597,-0.870645467739336,0.90653938803679,-0.152353601105362
0.187486024505459,0.0954049079146477,0.879666016211249,0.384729700952947,-0.722606539542675,-0.522508565275393,0.462336610896531,-0.793341457850838
1.11423625970059,-0.18745751281968,0.944866863091037,-0.165340187693843,-0.762185695352061,0.460645540220136,-0.313972324957706,-0.861979940611614
2.45393830596782,-0.454266222053801,0.695303239735338,-0.659496864303459,0.126763836000323,0.880524660117756,-0.862948994589133,-0.309307443421484
3.02025122739209,-0.682307914484741,0.214414010425005,-0.933103771702333,0.859579835165012,0.226065290758572,-0.788860484556787,0.465969926007529
2.69950290079267,-0.852145823806562,-0.337233820545363,-0.89510602061076,0.542314743279219,-0.703400337641287,-0.145123967364486,0.904289610847881
2.16060016198069,-0.949279896457857,-0.775491031523861,-0.558447016646467,-0.437172274264359,-0.77261487940096,0.60338949326306,0.688740203962001
2.16942275122968,-0.965390626207073,-0.954101006642045,-0.0357941564849746,-0.881395344083699,0.103074984150963,0.915247669273095,-0.0253346955746737
2.76221506156193,-0.899059550191212,-0.81358154276412,0.498053849162788,-0.246455395557714,0.852284703206408,0.564002687056728,-0.721316775547661
2.35917783086438,-0.75590352150432,-0.40115653239506,0.864569007098192,0.690463085454591,0.556971450643012,-0.196625344417679,-0.894409272789531
1.18294195574234,-0.548109491350941,0.144976754970905,0.941212299749523,0.780470488513131,-0.421648313575649,-0.815015943568841,-0.41799629769791
0.210744984289585,-0.293407476956501,0.641845231900938,0.702490466880954,-0.0879211696648874,-0.882751960539607,-0.841288254045832,0.36278189113116
0.444085366958028,-0.0135673517039797,0.922954996423478,0.228571051394544,-0.848558543600839,-0.258921180907408,-0.255139633704102,0.880170257738224
1.6587584833185,0.267454005432835,0.894115299847787,-0.32149632832196,-0.56542628560735,0.683742428269679,0.517471887230354,0.756575205141392
2.8849729564456,0.525558324972069,0.565107408586891,-0.763053605890391,0.414167074051217,0.784705429485318,0.913205414451103,0.0809338384834411
3.21886360844194,0.738570302218689,0.0465189351730522,-0.94779527893049,0.883550618814964,-0.0815588654903672,0.642346808358662,-0.654278080692067
2.63318150641514,0.888144242338998,-0.487281487236376,-0.813639874626298,0.263014878637245,-0.847378463935049,-0.0981586006072506,-0.911645173081742
2.31334010401915,0.961349137056505,-0.856682719345749,-0.405725771691205,-0.682278350728676,-0.567014640433099,-0.767081315968493,-0.502174346298795
2.58846310517991,0.951794953366498,-0.937264429810473,0.138611004384763,-0.784429297275209,0.413894077568021,-0.874433718401123,0.27497910784169
2.88695001468471,0.860201430579546,-0.701796432388,0.635933697391765,0.0833526885053717,0.882693326350582,-0.341088626628731,0.850493139371405
2.31896040031426,0.694357882026455,-0.229599120189784,0.918454580576742,0.847488860593988,0.259102384787815,0.442059551556986,0.802161217146515
1.09432815904806,0.468474424284182,0.32000423262926,0.890677877177523,0.561780634917595,-0.684736772983238,0.900271644582234,0.165388329736976
0.177113634330539,0.201977314740675,0.761319023732115,0.561806177413737,-0.419515679209631,-0.779342618073696,0.697147315440068,-0.592079707009957
0.66281694992461,-0.0821507973679217,0.944987927520321,0.0428718882488511,-0.87955265265937,0.0921139003237894,-0.0176884336517142,-0.913656127369001
2.00914140771155,-0.359345067751093,0.808614997167925,-0.490580592211731,-0.248153574485459,0.847987433639669,-0.718330796826212,-0.563366444078013
2.8896222112572,-0.605578412310202,0.398122901391227,-0.857780884089932,0.690023998221779,0.550406438165077,-0.88957385728236,0.200382745247482
2.86527538358983,-0.799444785027705,-0.147521268848746,-0.93400166222595,0.769806275420939,-0.429847938374475,-0.406230456278647,0.815122160704164
2.50383977315435,-0.924025223194787,-0.643200769597537,-0.693043528163613,-0.106671376439377,-0.874173584240588,0.374863114578999,0.828700185757135
2.30758574121625,-0.968373606698962,-0.920395832046782,-0.21642440684777,-0.848644260254133,-0.231237484206048,0.878084999697418,0.232269682838534
2.558301273405,-0.928490850062956,-0.884536476260007,0.334012156037749,-0.533796075542112,0.697702160052878,0.7333831669919,-0.533644620244651
2.3846781303727,-0.807699687112402,-0.547423024479532,0.770934400623249,0.444324169176924,0.75652979628517,0.0487664764755824,-0.904353452466231
1.51014567466134,-0.616383674805834,-0.0235452122951627,0.945269669822696,0.867075533390168,-0.126405700640608,-0.669936264860933,-0.607467601258634
0.371780206048273,-0.371109147933359,0.508632945438875,0.797173474311632,0.20896677344642,-0.849820851499705,-0.892631068937196,0.136606830702027
0.257731943183423,-0.0932028395421891,0.867392948606235,0.376756028379701,-0.708023830529981,-0.512521934139422,-0.456064890255432,0.777898437822109
1.37087303835514,0.193093982155427,0.929855765447924,-0.172677019127413,-0.74004126347689,0.463139955866925,0.316109021538916,0.843172167536578
2.79393307856248,0.462735997519985,0.674216969533997,-0.663337868339502,0.151496754269462,0.858764919213787,0.852817839401014,0.285312146788394
3.28612807907612,0.692065634651312,0.187553344866831,-0.927114575761591,0.852042894792136,0.181157543545456,0.757717010082207,-0.482196656770042
2.77352581048093,0.860894305665454,-0.363660433090695,-0.873263404526715,0.486404055235409,-0.721581006361984,0.102148734309914,-0.891226051869685
2.40129397756851,0.95428943009969,-0.790407539992519,-0.519802960469807,-0.486993167384717,-0.720200555657562,-0.627746060929945,-0.639415399180255
2.59778880579271,0.963908086311222,-0.945972170821569,0.0123146030526642,-0.849199741919989,0.182767923926966,-0.890994983015932,0.0858836031147455
3.01462442130978,0.888756899943071,-0.776514873977577,0.540447735097659,-0.146870209963391,0.855436867508702,-0.49275750292284,0.746256664237057
2.48265941994569,0.735307546933647,-0.339896930132222,0.882913315076335,0.738737812382,0.454429026366938,0.270832345487263,0.851436187356881
1.31339733401859,0.516953720417036,0.213895586726708,0.921563231410566,0.69599428928731,-0.516539585162435,0.832066261692367,0.323509009484602
0.263185838667834,0.252853638548045,0.694171142209396,0.642708196755332,-0.22119303330696,-0.837465013424957,0.773414073087594,-0.444546979322412
0.526342547426608,-0.0337430113029189,0.935203684822737,0.142154577657681,-0.859297697802658,-0.10482319666647,0.138627222915117,-0.880600348521736
1.83350032414012,-0.317538309605462,0.853534397832509,-0.407560214519022,-0.415058810240068,0.759109638572186,-0.598944666797896,-0.659460799711487
2.83151035751766,-0.573420218583215,0.477048811945358,-0.816582313202283,0.551809618793311,0.665719240084754,-0.888658984662328,0.0538779721699593
2.93433121971704,-0.778690065694465,-0.0643648218600364,-0.943364777147289,0.821817298921063,-0.267282088601309,-0.513860251574599,0.726349965468269
2.41294699842,-0.915085182047018,-0.583512132774797,-0.743795617890038,0.0540035859361732,-0.861989559419434,0.245174965836505,0.854721203803587
2.22307602404774,-0.970415490437673,-0.900602433733411,-0.286727018964367,-0.78132463479433,-0.366802762388262,0.819909130405227,0.34265626279231
2.49341552072839,-0.939666190987189,-0.905604688364957,0.269623601198963,-0.627483021427835,0.591844029509582,0.77922571653645,-0.425957520389987
2.58710810846403,-0.825465529386307,-0.59658894438663,0.732365972984749,0.32061271066012,0.800086185721408,0.153540390464028,-0.874054375683837
1.57378493181727,-0.637872849316918,-0.0806361332571388,0.940840795162483,0.861227055081858,-0.00578760033146951,-0.586910147644492,-0.664773885692614
0.478944614328153,-0.393502738297975,0.463142108029309,0.822517176062369,0.308808249423904,-0.803171528225218,-0.884970633227823,0.0444122571814177
0.245537803223022,-0.114060647346355,0.845744260121287,0.418392910897475,-0.634703676226228,-0.579807292085653,-0.516200739699232,0.719266828442196
1.26391214925742,0.175581477962329,0.934031376546734,-0.131054437858385,-0.770258219922094,0.379705104598165,0.241167072925376,0.851003095952706
2.64540475800296,0.449599111615182,0.697192960084747,-0.634604622791514,0.0736859317344699,0.854610770070044,0.815413354094341,0.340472914926394
3.27837053252874,0.683521361388823,0.217662188246672,-0.916840996168289,0.822061773666242,0.241218486131281,0.772942242608984,-0.426293366256653
2.83987189186034,0.856423050735397,-0.337440186888314,-0.879345637665611,0.522073589097407,-0.677838148811578,0.146396230394052,-0.86946722786559
2.32175957455848,0.952805592405189,-0.774485246957254,-0.535163891330156,-0.442282337945206,-0.730987421563383,-0.589619990867095,-0.654134977721584
2.56698085003678,0.963996732653727,-0.940903856975456,-0.00442023308329887,-0.840177395839255,0.147905993803121,-0.877765286729097,0.0558552364054687
2.85069341025073,0.888941835005944,-0.778553920024667,0.52749410384729,-0.165152215536997,0.835593429125496,-0.500393476726342,0.721917442976015
2.4603248854823,0.7343136241452,-0.344183175918139,0.874643906218013,0.718637583340122,0.454624246138969,0.255348793927996,0.839198979025092
1.21367067923525,0.51392837494515,0.210263288969452,0.915597500083706,0.681811575367238,-0.505785099197332,0.815534325214396,0.319702135305247
0.249205040014037,0.247518921518214,0.690703898998358,0.636024466962584,-0.226195723423794,-0.81672065231809,0.755358238481565,-0.441081252878385
0.543568188128945,-0.041027053980963,0.928849095839555,0.133860348169816,-0.841961308487442,-0.0823306174511134,0.121751217266594,-0.864923054283661
1.81449179725856,-0.325806475922304,0.841224734293707,-0.414870495507914,-0.378487810522293,0.754912400137556,-0.602676448054313,-0.630472160363638
2.92347289450882,-0.581226563270869,0.458564770775698,-0.817689231481062,0.567897852881842,0.622988838819773,-0.867007885725114,0.0826527197976522
2.93577292333029,-0.784307859585841,-0.084819753111079,-0.933195137808148,0.783746287668245,-0.306383365029184,-0.471161927687187,0.731027161691674
2.35368340352194,-0.916757110361976,-0.598067480795673,-0.720797029617511,-0.00546378997501022,-0.840031483754162,0.282238959561811,0.821372978519126
2.19974268035801,-0.966622605083555,-0.900761982119096,-0.255121914779705,-0.785082164530531,-0.294869883749848,0.818831411234304,0.286042697950606
2.41953483760162,-0.929381674808486,-0.886394535375876,0.300060281384657,-0.555044372402445,0.626841028352892,0.730273250730431,-0.46592825569954
2.30329360766808,-0.808360781963613,-0.55995805206407,0.74933370182896,0.386756971218539,0.741094652348198,0.085222340664437,-0.860994372557314
1.5193823272369,-0.614448525594715,-0.0363651654228735,0.934402893778866,0.829055188720806,-0.0968342908195096,-0.623444782389436,-0.598490417509172
0.378572085480884,-0.365125543578389,0.499865401227698,0.789937435876107,0.20466010061716,-0.807990905763213,-0.854888994881551,0.120255222848609
0.343415662502865,-0.0828969982754845,0.859559073475135,0.366771551808952,-0.681292594687517,-0.478253723625471,-0.433066914063249,0.745855010097573
1.48924334171821,0.206732483189813,0.915637778419741,-0.185824803672096,-0.688421986481312,0.466092402913316,0.318983917835943,0.800485078569731
2.81907166837887,0.47755978666739,0.648117888631296,-0.672675418608612,0.190900811275366,0.808167847111674,0.826022084768047,0.242950285208419
3.26554414695145,0.705053058660547,0.151387429173595,-0.921587201349357,0.822441714387892,0.108204775606893,0.700364515817821,-0.499763180222489
2.61274674288268,0.868576151186427,-0.398938567003756,-0.844303356502211,0.39232717582853,-0.729974186969379,0.0385720291712258,-0.858977137854246
2.31990338622762,0.953266060043342,-0.808002350897711,-0.467929469010436,-0.543305542896666,-0.624806107033867,-0.652150137572942,-0.559638653572814
2.77738863904784,0.951392281397257,-0.930688705722349,0.0744018492739099,-0.775927179506838,0.287031921826149,-0.842213222699393,0.168627786000594
2.93371754990511,0.863073220013578,-0.723195194103959,0.590475346094568,-0.00548193187247198,0.826680297619908,-0.385774484845751,0.766995684176518
2.24488766156487,0.696282477371465,-0.258831490815281,0.897048307840335,0.771095903970336,0.296479274095544,0.366730035543304,0.775902660388345
0.929847681928946,0.466141882561979,0.297705796776978,0.884949887853829,0.548699282144655,-0.616877754227263,0.836963658341376,0.188324154538707
0.236245020181595,0.193562758451966,0.748620859029332,0.558088249886751,-0.384274565786386,-0.730141027431544,0.663026924495093,-0.543924843885579
0.839420192923752,-0.096643691568184,0.933289006611343,0.0323834844780597,-0.818093939665978,0.103360449977626,-0.0214573270828224,-0.857023075749171
2.27524532909179,-0.378017231128552,0.785558721305185,-0.505175038730103,-0.189904051815035,0.801929183457414,-0.689158664285985,-0.5093945896954
3.14471271025397,-0.624857374732721,0.357615958559422,-0.862950127731175,0.684313824931973,0.458308018589975,-0.824887802433381,0.231123254119242
2.84556891393232,-0.814571407168588,-0.198257123946945,-0.912999791427268,0.66812053312981,-0.480717744803366,-0.323513081684993,0.792825984154803
2.33058700236131,-0.929747304441445,-0.683726941050691,-0.636963669829073,-0.217304187781585,-0.793311376268545,0.42768388887338,0.741361266662873
2.29473769483125,-0.959761103571389,-0.925133194219662,-0.132989498187508,-0.81873450347991,-0.0725002980689532,0.847471028959841,0.116279057901804
2.60360130646243,-0.901769642469205,-0.835692597064966,0.418977985769121,-0.352298207686563,0.741889455714886,0.610531837082593,-0.598382497311164
2.23678621734095,-0.76099483333253,-0.446873949923454,0.821342060949521,0.573064733336616,0.587317203525664,-0.099536940098839,-0.848443442007987
1.10182811591792,-0.550269828542614,0.102461669156143,0.929610205767006,0.748725149228399,-0.333876679443745,-0.731563012144119,-0.43976258351152
0.287540093494475,-0.288884811819642,0.615491743101684,0.704421975053514,-0.0544199947016093,-0.817128116969408,-0.794435937632775,0.310013698388199
0.598949767540224,-0.000834578092419896,0.907902122496157,0.226066187950152,-0.784831256983926,-0.230584245721093,-0.239430238161211,0.817566797841633
2.01509723066972,0.287374362625934,0.874188155088542,-0.333940768978089,-0.486141086988225,0.656608270986691,0.500982428395762,0.687826876990847
3.0536534076505,0.549157878631165,0.525910320396963,-0.77423440346136,0.448918316039986,0.681283373978305,0.849574683647381,0.0223920301163473
2.90832428361571,0.76030665609909,-0.012034523269523,-0.936022335111748,0.79279274663631,-0.187703979827527,0.534759779856707,-0.659049694112177
2.424776547721,0.901230872215524,-0.546024567310847,-0.760498418460764,0.0949242287622115,-0.807897088210167,-0.196807848349283,-0.824300416320097
2.39143911493657,0.958788540001892,-0.883342882027912,-0.310440794191126,-0.725640678138672,-0.364683410084358,-0.772652939344124,-0.344914905057526
2.82219900981671,0.927525918291772,-0.901812261792866,0.252018966216593,-0.589290408415162,0.556795040023903,-0.742446461367105,0.402944044405799
2.76754230757033,0.810211526535217,-0.594246509023687,0.723670147694054,0.322360131963106,0.742301522619809,-0.130961858344455,0.833045224147355
1.71537040577176,0.617609892749724,-0.0714743764571626,0.933648716162703,0.806167389347348,-0.0508742657642148,0.581247403917069,0.608852927862571
0.55062958429926,0.367511327919034,0.477401464973179,0.805484726889374,0.225113089181132,-0.774159760976932,0.835104478685034,-0.092279122119526
0.335597645095312,0.0831033054037234,0.853335987592283,0.385187182434955,-0.65097285378138,-0.472963575738184,0.432302306455053,-0.718570598217865
1.37549201529793,-0.209169025324434,0.919603018498623,-0.175033444191389,-0.663793497110178,0.451965443957548,-0.308902918896979,-0.777876846293466
2.6072686537612,-0.48205689748718,0.651726141408752,-0.671739016376896,0.201170667417547,0.775790245827468,-0.804470359391945,-0.224981180015862
3.06203212022968,-0.710049383232244,0.146771824568214,-0.924137135289105,0.796629942049515,0.0716602105508491,-0.664791000983267,0.503119836734937
2.62946587968659,-0.87176515332197,-0.411611379417855,-0.840032783959372,0.334611042988286,-0.724741184848892,-0.00163842757100798,0.832101657916522
2.25172041310151,-0.951969645666705,-0.819896265993143,-0.449747807896736,-0.569300876473289,-0.557325825718287,0.660482573983084,0.503515680477704
2.38857279038779,-0.943026158067258,-0.92893030765087,0.104558653501183,-0.714474614071098,0.348996413966606,0.79883956471975,-0.221488546667131
2.47824313550591,-0.845641086493045,-0.698625366577485,0.620504800480056,0.0897271861158644,0.788572557538037,0.305469869214623,-0.769030973140725
1.6663251841288,-0.668828856854678,-0.212957960376878,0.909358459649421,0.771849066098505,0.178467627085637,-0.427886814617471,-0.706573989445461
0.589693104873335,-0.429095026716131,0.3504255003924,0.865210804810711,0.424889860172767,-0.666979413883161,-0.820257643266191,-0.085028193603501
0.324713658451368,-0.148909752911774,0.785081529984256,0.504049315382341,-0.486623070430359,-0.621671479450425,-0.561655401094389,0.602018825070747
1.30346150336892,0.145388635621601,0.931469767375526,-0.0417723366045588,-0.746881483067897,0.251846866145812,0.141511141077396,0.809818840495573
2.6730043191463,0.426065316474731,0.735703529982695,-0.571855842302039,-0.0103676144752235,0.786912095876847,0.730513012620587,0.374500654277047
3.25987359449201,0.666604332561356,0.269646406170806,-0.891295909984566,0.737893157873262,0.270236740126962,0.737940754693167,-0.35711403605291
2.78531395650127,0.844220794183489,-0.29523318110709,-0.88246248703655,0.498550175178154,-0.605996038445882,0.158893250606339,-0.803207751742735
2.34093760042238,0.942031146799948,-0.750823360953093,-0.548547214978336,-0.406613335628473,-0.669929755127755,-0.545267126783639,-0.609496920258668
2.58961771158771,0.950673565495547,-0.92907171411747,-0.0126695233523974,-0.765612738991562,0.162524504617674,-0.813978722727872,0.0689699653648448
2.89589700017744,0.869221426246127,-0.764147154526609,0.527326079656342,-0.0987327837532662,0.775458930067226,-0.433754529070899,0.691218963794152
2.24973752617301,0.705299067700384,-0.317003607632059,0.871855018966918,0.69897163610443,0.347981868731513,0.291622999001895,0.761296916577447
1.00362427089943,0.474384498493655,0.246910502185474,0.893455225578235,0.557663849978877,-0.545234586995771,0.783127365284473,0.223804681886609
0.342582017358422,0.198361184959372,0.718731761383665,0.584155577196717,-0.33178830758486,-0.70486896229041,0.648479835441603,-0.491597173226818
0.883432805624446,-0.0965468321236483,0.923549668247743,0.0586686392838707,-0.773810098200171,0.0825866359903524,-0.00429514441209976,-0.813041191327313
2.12131881427393,-0.38226245509411,0.785398375810219,-0.4879551069627,-0.174725879521199,0.757472989407422,-0.652737118370868,-0.483611322480055
2.85322017234582,-0.631530021440691,0.355666591638771,-0.852650742326362,0.658273316187144,0.411903138911604,-0.777650314595277,0.232626627903504
2.71282931707187,-0.820521795839388,-0.205784890593971,-0.899847888621382,0.603204878711569,-0.487664479711739,-0.27911720751937,0.76148874707119
2.34375506684526,-0.93112651332141,-0.689944734714616,-0.612058268457545,-0.264757852805026,-0.728177987375173,0.442711811876217,0.678742203571223
2.33019771535089,-0.952699093645342,-0.916449993888047,-0.0965938189984261,-0.773810309187813,0.0141264296452722,0.808075313385493,0.0509972484906365
2.51019325493429,-0.883101141015888,-0.800904449125386,0.454250327672668,-0.236949524864462,0.735831696408297,0.523309429620618,-0.616942076778511
1.97466406323712,-0.728929055190461,-0.386541140641889,0.834845629453375,0.619037186054635,0.461479747416351,-0.182268375450787,-0.787470850891635
0.889838208740044,-0.504904150579108,0.171729940730967,0.903044925959123,0.635669715320068,-0.436619071945472,-0.740047993320329,-0.323262956108458
0.2945507552836,-0.232479699594181,0.66508572307379,0.633444539245659,-0.208604995242362,-0.741419440125663,-0.700076180269688,0.401095521656823
0.930590924659073,0.0622044660135026,0.908879572141957,0.127071214275579,-0.768154010911076,-0.0404048069503482,-0.0947247957204409,0.800502850185262
2.33741028046218,0.350825591717839,0.811860390719096,-0.426282249199198,-0.28393693353435,0.713806265203513,0.586382331761542,0.552005704481597
3.1475135165654,0.6056004710678,0.410529263567629,-0.819101986499709,0.584870689803544,0.496477976276985,0.791735180584739,-0.143097118259031
2.89807557945847,0.801965009373474,-0.144377877120889,-0.904016745641126,0.656134906228994,-0.395551307427945,0.354907884765883,-0.721197696062185
2.42987014223983,0.920951971872358,-0.644357036140909,-0.64924614767541,-0.166122819290931,-0.746846556628093,-0.369409197691834,-0.713016678159419
2.48637872209639,0.951035899569069,-0.901454461810069,-0.150710086907743,-0.759929036451163,-0.0792968499482127,-0.792431431969213,-0.125271789453613
2.85384235952991,0.889264584668331,-0.819027514978248,0.403895442440663,-0.315310937286989,0.694817184398254,-0.56989733553747,0.563617618605639
2.56668423516956,0.741564682029096,-0.428267919930954,0.805673333338734,0.558953739359003,0.517869523684981,0.116783023756596,0.792241235409549
1.34461365761152,0.52218849578145,0.123389565672783,0.903249171049652,0.666686966168332,-0.366867413084306,0.707260068641121,0.374083904194284
0.387951367084845,0.252352085142248,0.627747080579208,0.659961222519218,-0.13856111089206,-0.747214787436241,0.7191229162984,-0.349178695120452
0.664261773375543,-0.041806461085748,0.894391943515826,0.16785035423749,-0.751988636472251,-0.102605287508927,0.142702454556788,-0.7859029083068
1.95715596815035,-0.331753095357819,0.822690171487577,-0.386970006106374,-0.332311804049482,0.681237310070425,-0.549895364043914,-0.578443864353049
2.83952630164419,-0.589324724023091,0.439966096311656,-0.794608330211441,0.54271785855813,0.527711727126268,-0.790796539511427,0.103051347920573
2.73253848079307,-0.789468845464197,-0.108692030106681,-0.900841192628174,0.669664580856597,-0.350815952417433,-0.38231824136033,0.69915350666199
2.2728913591126,-0.912689133317298,-0.615281446541325,-0.665626093969259,-0.125018376967435,-0.744559401589114,0.339796005172045,0.720079276761443
2.27088785549966,-0.946957506248717,-0.887714383387693,-0.178420240852927,-0.745564077359684,-0.112080481233486,0.78153795190378,0.148765015169498
2.4996952552133,-0.888904041994973,-0.8227662116651,0.375640225134712,-0.337037726251847,0.673194273626769,0.579346400764296,-0.544227165460373
2.11979896395793,-0.744165605836859,-0.445399637737921,0.785992584265805,0.535160739392659,0.527866333905614,-0.0998290491143513,-0.787816775240566
1.02642702011634,-0.526855616674969,0.100594652695961,0.896714373094159,0.666164313947403,-0.345521200653831,-0.695538359906807,-0.381457057244129
0.337414035194744,-0.258203087372962,0.607221703244609,0.665946200686205,-0.123227288025783,-0.738867254660561,-0.716216997782145,0.338829820382572
0.851217952282795,0.0355093963650629,0.881485607368877,0.181960717037323,-0.739459770273147,-0.109787109133379,-0.145532865995367,0.777733241839787
2.21062018508294,0.325509755179906,0.819028865011631,-0.370381837766626,-0.330786764422225,0.668533342226777,0.54386273595952,0.572961864029205
3.10371597664087,0.583353273725146,0.44406956678216,-0.780129618896119,0.533641029009384,0.518470236299403,0.781549812986054,-0.104800721649107
2.95266488102198,0.783716808712687,-0.0997310802117107,-0.890849539393847,0.655038489407309,-0.348468232967589,0.371948976982104,-0.69344173620649
2.46240879471664,0.906895641423393,-0.604124190837473,-0.660537203300838,-0.131406838924616,-0.727892320650664,-0.343779057285699,-0.705740899910573
2.60572407004169,0.94075599289477,-0.875978528606608,-0.177815962331081,-0.730790994975716,-0.0963193219031645,-0.771417790066384,-0.133546818955001
2.89036312943823,0.881948427582545,-0.811349967465154,0.371919599231244,-0.312783360785933,0.66435981447884,-0.557515958870529,0.546229014823329
2.42879275373028,0.736259115339589,-0.435467372889903,0.77757461034041,0.535902635899196,0.497517932411973,0.11740322954211,0.768944585585689
1.28023776768346,0.518060288182863,0.10683526884646,0.883446698815819,0.633488481223317,-0.358549345607119,0.690362736659438,0.3520412419874
0.436957844669996,0.24890999668124,0.606715990377504,0.649179657726748,-0.149839461273479,-0.708676644800882,0.685699665910099,-0.354186414078715
0.767662879131907,-0.0445642908777329,0.871689117950664,0.165424476406203,-0.717118819783062,-0.070097348318184,0.111007334434213,-0.760304539322626
2.00453796130279,-0.333291981991144,0.799857125705589,-0.380972332558913,-0.280562537758581,0.659308029356664,-0.551135967363749,-0.530177448947399
2.93833936436097,-0.588637486894736,0.419342987499514,-0.778984134961437,0.541940104485803,0.462294328825828,-0.748036509199568,0.139609662223945
2.86397407531291,-0.785245558137288,-0.12242705295599,-0.874924627834066,0.599250446244402,-0.377058351464737,-0.31897711880724,0.686542125851946
2.31600816372396,-0.903570748951917,-0.615614846367959,-0.631975757359476,-0.180714747953712,-0.679995276317704,0.372360566304322,0.65450573115006
2.22824427367685,-0.931837605444339,-0.86916627232695,-0.144597923973802,-0.698572465578125,-0.0286878820196041,0.745201277490411,0.0751297772112129
2.42905156654141,-0.86723338769872,-0.784922298150536,0.397921725011011,-0.232184729854695,0.654808635972775,0.489729203472082,-0.561395753967636
1.97930131098307,-0.716210488607505,-0.395859213767229,0.784818744295628,0.554060052748834,0.411982023824461,-0.174370491412748,-0.720288644311191
0.959410778482837,-0.493863937735744,0.146529447499841,0.865735997353369,0.552970965884988,-0.406472526573207,-0.685441239325856,-0.271849799103091
0.41959435890691,-0.222441730194751,0.630990586862577,0.609326368142221,-0.225868189822175,-0.643899991351135,-0.614310064762395,0.401563885951056
1.02093469389265,0.0708670096185535,0.868704550442377,0.115666445414532,-0.678132662205512,0.0283967471400781,-0.0252231825004065,0.730321921005101
2.38585758231031,0.356647637423324,0.766963939559836,-0.422536479107104,-0.168907287073643,0.65396918088594,0.580710536279739,0.438993141335711
3.12592578140812,0.60620898827177,0.365551676400665,-0.795007117481636,0.574553417417794,0.3495331218232,0.690720593945885,-0.222264814690106
2.81321345592518,0.794470211308317,-0.178543608174819,-0.856055120221793,0.498764689374205,-0.447419265728122,0.214102266830822,-0.691292871013503
2.43935242978004,0.902494317835224,-0.652308475463574,-0.581717109251271,-0.283748040959588,-0.604740640058831,-0.442353385710118,-0.570945326225058
2.57361106328605,0.919411176885924,-0.870019314927226,-0.0794111957553196,-0.659258153294722,0.0974137253457116,-0.720476055310476,0.0347095454283112
2.72391558762786,0.843532814776738,-0.746130106151731,0.453881154473449,-0.0961109897352009,0.658297494618809,-0.384590754412103,0.609674338100437
2.1175474963476,0.682544408065528,-0.329090739517152,0.808719909427901,0.602258267365419,0.280922520246589,0.278782188292829,0.66472415748561
0.986010082743996,0.452747313026873,0.217357123762026,0.845468267248533,0.441869024690061,-0.49590530312159,0.704750698692196,0.153107198180777
0.39022413592539,0.177426511753315,0.678285188965605,0.549392065805867,-0.348025596613527,-0.565690418212175,0.530362667371473,-0.489742055634618
1.07913854060918,-0.115495773335645,0.872058719262494,0.0367904252648065,-0.642054444649478,0.170802331310726,-0.0965798764256636,-0.716368284460618
2.31527569390924,-0.396285006865817,0.722003001072063,-0.490478929547793,-0.0210777566028806,0.664420259522027,-0.642831124587204,-0.332996824131613
2.96605510732637,-0.636412458260941,0.286937097383441,-0.824382798141852,0.630654914127805,0.211549132623855,-0.64302745628057,0.335143427135141
2.72029417811772,-0.811459887127231,-0.261666150000184,-0.832826213997025,0.384463793789127,-0.543328855640816,-0.095826442535328,0.719882206277003
2.32336958022776,-0.903614106105502,-0.707116594018666,-0.512067194547738,-0.409629133317544,-0.524968565199489,0.534278191753111,0.493282279139715
2.36755777286846,-0.903495098200336,-0.87307831199481,0.0114329833974712,-0.620844941859376,0.240856243158521,0.711582520760316,-0.152973020895602
2.33916462508897,-0.811128259513251,-0.693489471596629,0.530691420282837,0.0515117760426393,0.663675122044103,0.284898272200871,-0.670081199488573
1.66057522527313,-0.635958082116727,-0.239056810876533,0.83997401703709,0.649696867568594,0.141965358126936,-0.383520707939464,-0.618740442695055
0.673258173884494,-0.395898401225311,0.310383231150882,0.816379016879502,0.32270438752618,-0.580230227036864,-0.725990525248346,-0.0428946864414528
0.491731808551851,-0.115513202858966,0.736918514314693,0.468853341290311,-0.461601364429253,-0.474996667255223,-0.452377003191491,0.567785515142735
1.4817930276137,0.176488272709815,0.871006122113947,-0.0649800088556195,-0.585799911240994,0.304548351696373,0.203331450538566,0.694921740392066
2.82022976448367,0.450187120479043,0.659010394061381,-0.573162687162525,0.123162033066483,0.645974672147549,0.683014284384772,0.232593936814159
3.14954411758805,0.677520714857011,0.184872463880003,-0.853521197851784,0.651103482935473,0.0665197010098754,0.58032171129921,-0.423488522609019
2.64845889854637,0.835164136609696,-0.362928093524073,-0.794200510386901,0.248095871471709,-0.6017967314263,-0.0136893442550596,-0.714620209619379
2.38661909182377,0.906930147298158,-0.766198500931482,-0.418494101728735,-0.503459975102987,-0.406371491074104,-0.590086296165622,-0.395974482402074
2.61578612452897,0.885439490048778,-0.863982703268019,0.12407487297395,-0.528724725507211,0.365572755002584,-0.658164276240376,0.255901019266243
2.60386332009322,0.772887878666778,-0.616973600066743,0.6171010905041,0.200595222039135,0.606121490073584,-0.164533328763468,0.681907460779277
1.68895457756046,0.58082885619629,-0.123547572309329,0.863582321146895,0.633686824132003,-0.0226636441517524,0.463538111309143,0.520152333595429
0.706598352929578,0.328993184425328,0.419206139505065,0.764752960446916,0.153749061025294,-0.610814180929172,0.686822447420361,-0.0850969595814006
0.650553206010899,0.0432650446946842,0.794105390877378,0.359877936632494,-0.540862998131524,-0.315048197123187,0.317497375158502,-0.610013039945318
1.62286904997192,-0.246977283376934,0.850823638291971,-0.189106794767207,-0.449491346939491,0.430547782732845,-0.321258623630862,-0.603570578604105
2.58194607273362,-0.511882573869105,0.566342785284142,-0.662191964054295,0.289148434207745,0.547864774301148,-0.676155167699308,-0.0756494381026279
2.80980175429265,-0.724198204523267,0.0545356760262412,-0.869427067026104,0.60386646555494,-0.127667827518158,-0.44223414612101,0.513528229252626
2.43238842918981,-0.862075193657779,-0.479195213280046,-0.727297194189333,0.0419677854636801,-0.614248607222648,0.174440924193144,0.652910439062233
2.26747416315977,-0.911317208275111,-0.820235378872241,-0.292594200380615,-0.578797140740247,-0.207617228256959,0.636715248102765,0.223276114811964
2.40542877850375,-0.866841467183202,-0.831085007588068,0.260033513179775,-0.357543166625289,0.500222447606106,0.542851984082008,-0.400203402902041
2.05039637995707,-0.733200971214448,-0.506958809755747,0.708069901614359,0.384006100923537,0.480980097204766,-0.0248162278579509,-0.674360542992592
1.06431661508482,-0.524114575128522,0.0218845904491878,0.87067766493789,0.568703880062214,-0.23820410971149,-0.571721158266939,-0.360238039047806
0.465796023517492,-0.261053954183617,0.542272200156995,0.681784049796267,-0.0731622150357098,-0.613639362579102,-0.621250363044193,0.269058093605457
0.958638043297226,0.0289661628356502,0.843926452692314,0.217131421705913,-0.611500903227305,-0.0989302775708819,-0.129521372923529,0.665860563440609
2.22662150962651,0.31616613128554,0.804459744698309,-0.335858379201962,-0.26472203530688,0.561404307855297,0.47627143040288,0.484552742348205
2.91612540461898,0.571061351771188,0.43919017317002,-0.753510248042938,0.466335046249347,0.410656484602334,0.669698491748669,-0.117589469362071
2.72953324543646,0.767489093405091,-0.104558806150293,-0.866329426029561,0.524179094074484,-0.33332548823364,0.283334628849154,-0.617638795049181
2.37824650536163,0.885291406840719,-0.60666355845368,-0.62790173442224,-0.173198793399621,-0.5950886272517,-0.346214332685063,-0.582736505286545
2.57955976950375,0.912379566640102,-0.863211442714539,-0.13421457238736,-0.616847626384375,-0.000213536289678811,-0.672900891629022,-0.0464171275278252
2.66505751726817,0.845969806391661,-0.769380654324173,0.414727743568217,-0.171383307687209,0.58761608510854,-0.417513342029329,0.523045426404698
2.04724603464071,0.692865736456101,-0.362495757073018,0.795759462098257,0.510768017577516,0.324814024542896,0.191247799540004,0.633587585017052
1.00112114294657,0.468760791345876,0.19249948728834,0.853286908227702,0.446958011346352,-0.394704616350523,0.621129472537411,0.198415508356731
0.522951288036313,0.196634164164743,0.669635566063506,0.563046270692212,-0.251887902895497,-0.528007962804832,0.504751732177638,-0.393270513055394
1.24748184961105,-0.0955943589353065,0.873830262523875,0.0427133569013421,-0.563218539721559,0.0971685571580706,-0.041277257438087,-0.624001766098914
2.47342306695846,-0.377910813197842,0.720832276915588,-0.495383887274998,-0.0543583396470463,0.55345727456156,-0.526985046690786,-0.30483762177916
2.96198993706796,-0.621265399710843,0.272441470687081,-0.830636934310866,0.504803606133678,0.189602177092601,-0.528510509500098,0.263817174919332
2.60497845717004,-0.800533736078559,-0.287823326017388,-0.824657099275624,0.299391379450415,-0.42719450137365,-0.0635475153727901,0.568347932866844
2.2418339127052,-0.897083718912648,-0.729267333089873,-0.478877302582858,-0.33232220174987,-0.379632189814878,0.432347136861426,0.345790409076409
2.25475942336377,-0.90069229026728,-0.868778331125923,0.0647642582115139,-0.431406133909165,0.23118010018795,0.505806046589394,-0.182156811526293
2.11807862936734,-0.810623232581794,-0.647121318950752,0.58109160185042,0.131779951400924,0.459902926806663,0.100052987519238,-0.516468935981615
1.31591669754944,-0.63576207647968,-0.155076896881355,0.854198024715521,0.472340308037007,-0.0375888256338911,-0.393507014788367,-0.342436256605878
0.593395343277957,-0.393798444394258,0.402219946111781,0.767632601975235,0.0528632918543981,-0.475278522399136,-0.497208424500688,0.174868515060772
0.889232849330422,-0.109540032401921,0.789217887227427,0.354941073774378,-0.471936457635957,-0.144970130851699,-0.0958455140839583,0.536206749472905
2.13878667084986,0.187473474732228,0.838500899559381,-0.211273069495271,-0.245696982452008,0.460205134262504,0.440993922946015,0.370619616702757
3.02101703013636,0.465822220219193,0.523452545145715,-0.688852455120697,0.431996176461071,0.360289391006917,0.586816176316947,-0.204381941442569
2.87566132230465,0.695247704676224,-0.0259523791037029,-0.867074215143445,0.488735268573233,-0.374349840922913,0.14952765231408,-0.663217883232202
2.558574888133,0.849594461788999,-0.572826266448164,-0.658248366283967,-0.272384224499082,-0.622855427172043,-0.521475362238146,-0.53865808263915
2.52366650781831,0.909377905581334,-0.870571430081028,-0.1414400031619,-0.744913620748357,0.113751511194717,-0.817239496130052,0.136503590546536
2.66121145739692,0.863747443896828,-0.769514160560474,0.462148601539151,-0.106140773519045,0.828460502585225,-0.407152481293138,0.817582208544479
2.30077604288824,0.711680718660684,-0.289339967292047,0.875730562025419,0.841769110912822,0.379195800839941,0.441665273752203,0.89752099823451
1.28494150454594,0.462330547360769,0.374642219188428,0.883728924085357,0.681164814678055,-0.753737436465909,1.05860633590427,0.235324730331123
0.676098656474452,0.134547352618898,0.918676176845284,0.433425510028322,-0.541618984696162,-0.970738728921491,0.922900309542053,-0.701114073644646
1.36518921288733,-0.244280509234924,1.05006025814348,-0.320371581888988,-1.19192764643491,0.199516150154325,0.0997500149688276,-1.21058103767973
2.90772336759083,-0.639765122708369,0.616829380839395,-1.04965552027113,-0.253623615036911,1.27989085121151,-0.819067150632244,-0.929656126404105
3.99547698285965,-1.01184273509044,-0.299637233718303,-1.3598356990864,1.16963269119211,0.767551064255992,-1.21231401543813,-0.104480196209104
4.11354344779126,-1.31454340501004,-1.36235696510714,-0.935572479284195,1.25587925328341,-0.80603255282004,-0.920431576860993,0.661764533716243
4.73049275243796,-1.49025136804974,-2.0291936169112,0.319106631080957,-0.152038428681072,-1.59028879387549,-0.30106894604695,0.93770787210931
7.88452290444562,-1.44202350061978,-1.63192920112865,2.17336996977488,-1.58311708646866,-0.81372451883927,0.173155533111981,0.771760636637188
-41.8866248997075,-0.872988678522492,0.644103745771936,3.90911871843401,-2.15261082214763,0.917387187264124,0.351251540622205,0.483933241510739
-1.94237380699415,3.51871747502204,6.13187973172357,3.13828063377657,-1.11091976565528,4.45327882866014,0.271305314288418,0.141706222109733
-0.299406185287524,-5.84461625237335,6.56186939632409,-12.4975004323578,12.779254993688,2.00593839763836,-1.03870494357149,0.93368578957808
-0.123884632762084,-3.4355110072945,-8.57359810516829,-1.38163505623539,-4.47859206538234,-10.6866318648793,2.28469717119831,1.97668291919013
-0.0652090371162778,-2.55869120098602,-2.89242274695269,3.74149033920012,-9.08588760297997,1.63356348508877,3.50864674195747,-0.81968738578704
-0,0,0,0,0,0,0,0
